"LAT","LONG"
49.987,142.157883
49.964722,143.263031
49.822498,142.154556
49.770195,144.087326
49.668335,144.100281
49.591389,142.806671
49.585056,142.152634
49.461529,142.852249
49.40889,142.253922
49.356888,142.855911
49.348083,140.044891
49.317749,143.709229
49.31686,143.446747
49.300556,143.317551
49.276833,143.977829
49.270027,142.07309
49.222946,142.097473
49.203472,142.890472
49.142445,144.248032
49.100529,142.948059
48.992085,142.124756
48.973389,142.957748
48.949722,142.210281
48.929943,141.987701
48.891361,142.030411
48.890999,142.267578
48.828804,141.925995
48.778305,144.682922
48.733891,142.838257
48.691444,142.273163
48.662304,141.88797
48.632721,142.771255
48.607918,140.154831
48.576557,142.746246
48.573807,142.181915
48.419193,142.089691
48.362946,142.671524
48.325695,142.147781
48.249943,142.158615
48.09811,142.54216
48.076,142.183945
47.981556,139.541809
47.877918,142.467087
47.852779,142.098328
47.643391,139.179443
47.635918,142.585999
47.587723,138.396332
47.499889,142.686279
47.405224,142.813522
47.335609,142.550415
47.311554,142.076218
47.295696,142.965744
47.266945,138.458221
47.148777,138.71431
47.013805,142.714447
47.011166,138.501328
46.947083,142.238144
46.938835,142.00766
46.84486,142.28569
46.815613,143.219894
46.759277,142.743942
46.715916,142.74942
46.709389,143.151993
46.68261,138.34491
46.620724,142.430588
46.606777,143.129227
46.53936,138.325943
46.488834,143.357086
46.441971,142.341415
46.424999,141.856613
46.382915,143.527695
46.358833,142.290161
46.358139,143.35817
46.285999,141.896057
46.254002,138.098083
46.18861,142.23616
46.053139,141.935577
46.029724,142.173187
45.906418,142.076691
45.542194,148.773026
45.529415,148.672272
45.460388,148.853836
45.440887,148.552109
45.33886,148.847107
45.330528,148.647354
45.260113,148.268005
45.249054,148.168915
45.24511,148.193756
45.099998,147.57045
45.089169,147.581772
44.90086,131.958923
44.887611,132.09845
44.881474,131.583313
44.880028,131.169998
44.761391,131.425858
44.69836,134.707169
44.65139,133.740692
44.596584,131.533218
44.571499,131.737396
44.544056,133.511612
44.450806,131.76622
44.387749,134.090469
44.341362,134.338272
44.328056,134.95311
44.298084,133.721893
44.291668,131.343781
44.288887,134.763031
44.247334,132.421951
44.241085,133.858505
44.181252,131.698364
44.145695,133.053223
44.090057,133.229385
43.958694,133.054199
43.944248,134.804535
43.897141,133.939087
43.879444,131.364868
43.764111,132.944687
43.750862,131.668411
43.699554,134.740112
43.606556,131.313034
43.568474,134.629257
43.494305,131.323563
43.486584,133.352951
43.452137,131.776611
43.445026,132.239304
43.442944,131.926636
43.351418,132.755646
43.343334,134.79509
43.299,131.599808
43.298306,134.598587
43.2845,134.246979
43.21703,134.389893
43.212833,132.606506
43.190693,131.495529
43.184418,132.887085
43.16864,133.762772
43.063667,134.174301
43.043804,131.532166
43.031555,131.846451
42.927307,131.319809
42.904251,133.701172
42.879444,132.334442
42.86739,131.375137
42.857307,132.688858
42.768806,133.278885
42.710194,130.784943
42.639278,131.12619
44.972305,147.906586
44.96439,147.473251
44.952446,136.553284
44.933334,147.439392
44.933083,136.197357
44.906834,135.049255
44.891056,147.372894
44.871887,147.315948
44.816444,147.556137
44.804474,147.263367
44.79364,147.201996
44.789196,136.302505
44.785027,147.486557
44.773582,147.146912
44.768112,147.202301
44.726223,147.369659
44.71114,135.814499
44.642223,136.198746
44.633972,147.192947
44.630222,147.10997
44.598278,147.250671
44.569416,147.10997
44.495583,147.019913
44.426418,146.277618
44.397388,135.401413
44.375805,146.45108
44.268276,146.172729
44.258915,135.319244
44.207111,146.044937
44.194832,145.856079
44.035641,135.392914
43.929749,145.547836
43.874584,135.443359
43.849888,135.252136
43.820473,146.719421
43.820137,135.034912
43.814861,146.891586
43.806416,145.417618
43.715416,146.652725
43.524918,146.072922
68.755585,29.322445
66.969276,29.186945
61.404861,29.773611
61.048111,28.930666
60.969196,29.123528
60.775223,28.609972
60.571304,29.887251
60.469387,29.284334
60.302418,28.658722
81.793419,58.008221
80.803886,47.42025
80.351524,52.884445
75.885887,59.213028
74.942413,56.464359
74.413582,59.284863
73.333778,54.326611
73.26358,56.401695
73.239082,56.705971
72.423309,55.431778
72.37014,52.73875
71.610725,52.43861
71.532555,52.327694
70.401413,58.791363
69.720337,33.084805
69.538002,31.965361
69.413971,33.101471
69.322197,34.336056
69.292473,32.82122
69.285583,34.230751
69.163307,35.827194
69.158058,35.176861
69.042419,35.761917
69.024002,36.431915
68.914192,36.799778
68.824692,32.674583
68.812057,33.126167
68.795418,57.988304
68.650749,43.294666
68.642998,31.649027
68.638,33.212776
68.619392,37.774582
68.610527,31.804251
68.593941,56.183666
68.587639,56.573334
68.583389,52.342861
68.576752,55.820026
68.478554,55.263443
68.354889,33.307388
68.350082,38.395527
68.244247,54.560665
68.226997,44.260223
68.207138,54.260502
68.143219,39.761806
68.118225,54.20211
68.056137,49.96347
68.05278,39.479279
68.048691,54.140194
68.038864,52.980194
68.035027,44.251888
68.01075,35.010612
67.976471,39.832138
67.954086,53.741611
67.886864,53.213139
67.879387,34.153168
67.864609,44.175777
67.840553,33.250999
67.835251,53.629333
67.833832,30.24036
67.820946,30.590889
67.796448,52.869141
67.688026,40.969307
67.676247,52.871166
67.665337,49.051693
67.651001,44.098888
67.649719,53.079082
67.626892,52.961361
67.625916,53.049194
67.612198,52.831612
67.585747,31.163221
67.574837,52.19622
67.573524,49.064919
67.550804,32.272556
67.547417,30.514862
67.463585,51.824001
67.43708,32.745888
67.425941,49.506832
67.407196,32.506195
67.401695,52.264946
67.384415,58.364944
67.36908,47.872166
67.336746,34.20261
67.299141,32.480141
67.206085,41.297695
67.199303,41.339195
67.196053,43.798473
67.190636,47.72789
67.149086,59.33847
67.13475,39.651722
67.116859,52.010777
67.108948,41.395363
67.087387,44.362026
67.056,41.057751
67.043114,59.439304
67.033554,51.144444
67.006058,41.275501
66.991219,52.338528
66.940109,55.738693
66.91436,44.527195
66.911331,52.329056
66.895058,47.621582
66.877502,59.657028
66.776947,33.74836
66.751663,47.76236
66.747528,47.008945
66.733612,32.833363
66.725861,40.979221
66.721191,32.634251
66.718277,52.311779
66.682281,56.070137
66.64547,56.401859
66.637726,46.493362
66.636475,45.877945
66.621635,59.391083
66.600891,47.936749
66.60025,44.685696
66.59642,59.290279
66.593224,45.219196
66.485641,44.408501
66.47583,59.669945
66.471916,35.347832
66.449776,52.356972
66.438499,59.039585
66.408501,56.435555
66.389053,36.577057
66.374748,42.554554
66.357918,52.50872
66.350281,36.008915
66.339386,44.456833
66.334084,55.872807
66.313721,41.956139
66.311447,45.802307
66.308113,43.295029
66.285614,36.847721
66.28389,56.436943
66.278503,33.555084
66.254585,58.392471
66.210808,46.731388
66.208641,55.420887
66.195419,56.597057
66.191139,39.532001
66.171753,52.478668
66.162415,56.569195
66.152336,34.191917
66.151085,55.17561
66.149887,31.69364
66.146225,41.623333
66.143448,44.132805
66.112419,37.776527
66.103638,39.133778
66.078392,52.551418
66.067581,33.027832
66.060333,38.245224
66.048248,43.473946
66.044136,44.183167
66.03714,44.027443
66.031219,41.234917
65.997444,58.054501
65.988419,52.529446
65.98436,56.916027
65.967834,57.366444
65.959915,40.732834
65.95047,55.13364
65.946693,52.466221
65.914253,34.661057
65.889893,31.826027
65.880669,43.46875
65.833916,56.744141
65.818558,43.552387
65.802086,54.84314
65.800446,33.921696
65.800003,59.318668
65.791664,46.155472
65.789024,45.05275
65.783195,40.451637
65.780136,43.373028
65.748001,30.354221
65.746361,52.24789
65.741692,59.518276
65.739471,52.052612
65.70858,46.504612
65.70475,54.696251
65.700058,47.519779
65.693665,40.381863
65.693275,52.152168
65.69239,40.215248
65.689636,43.564362
65.687416,42.871723
65.682251,56.669556
65.670776,47.665638
65.668861,54.530388
65.664474,44.416805
65.63736,59.063057
65.602669,44.522388
65.598808,42.52739
65.572197,44.711582
65.567337,44.622471
65.553001,58.637054
65.539612,43.681499
65.518753,44.910416
65.516472,32.405613
65.507835,52.168026
65.502724,44.788555
65.487831,57.041805
65.474419,39.747501
65.471581,51.565777
65.470085,43.214138
65.467941,31.247139
65.460724,51.383251
65.46003,53.860695
65.444138,52.165249
65.422302,58.200863
65.421722,53.580555
65.379364,52.378693
65.375168,41.830387
65.371498,58.023582
65.369247,34.246029
65.367691,32.715279
65.352943,52.854916
65.349586,57.004528
65.334419,45.152863
65.318642,53.416584
65.304802,33.542557
65.30072,52.927971
65.293808,43.630028
65.292892,52.691166
65.291252,45.137749
65.290558,53.285999
65.288475,43.911335
65.276581,57.118473
65.273582,53.368473
65.261108,57.014221
65.254585,39.903946
65.240639,51.854305
65.234726,49.531113
65.234444,45.286251
65.207748,36.825001
65.18914,31.177944
65.180115,53.640221
65.149559,45.486721
65.148247,37.060307
65.134834,36.88736
65.127113,57.023888
65.126472,52.478249
65.109276,41.352859
65.101059,57.05389
65.088142,53.942028
65.087524,40.119167
65.087135,37.390388
65.085136,51.945332
65.070892,45.700359
65.06414,53.853554
65.055115,45.613499
65.043335,56.693306
65.03064,35.723862
65.026886,30.427139
65.015892,52.331055
65.015694,56.558807
65.013,53.92561
65.010696,33.744946
65.007309,53.819416
64.991028,34.7845
64.989502,45.537804
64.985107,45.952946
64.976555,51.886055
64.97567,43.518612
64.973969,37.690277
64.966469,40.427582
64.965858,32.894527
64.962639,46.330166
64.962135,45.574696
64.948364,36.828445
64.935471,47.12661
64.929085,53.806389
64.920807,57.653805
64.914581,40.243279
64.914444,41.051224
64.899719,45.737526
64.898552,56.425278
64.897858,46.714554
64.886192,36.588417
64.881302,57.613304
64.875,37.946362
64.863586,43.432194
64.858002,53.737835
64.844193,47.450779
64.831497,57.857224
64.813446,53.784695
64.805809,36.585724
64.801025,49.706974
64.795135,38.422749
64.787003,40.450974
64.772636,38.365307
64.765419,47.598946
64.750694,32.099445
64.743057,45.870667
64.73642,57.86739
64.734497,49.297832
64.727165,40.765278
64.718391,36.552944
64.713913,43.80125
64.69075,39.021889
64.690636,43.384918
64.689804,55.921585
64.684944,36.75486
64.682892,45.08939
64.671417,57.914196
64.662636,43.460751
64.66114,47.808304
64.638336,41.027973
64.636719,46.006001
64.626526,43.36972
64.611389,43.922306
64.600136,38.179138
64.586334,46.129807
64.584641,30.5905
64.571281,33.23214
64.570221,43.908916
64.568832,56.296001
64.557724,55.471111
64.556808,44.627388
64.552444,48.14011
64.54892,48.429138
64.531693,57.797138
64.515945,53.312332
64.499168,43.218388
64.492226,44.184944
64.491943,53.384277
64.49189,46.145054
64.490585,53.214943
64.485748,40.823807
64.485497,55.313499
64.47908,44.073807
64.454002,57.679279
64.448753,37.071724
64.446114,39.770222
64.435303,40.45425
64.417641,37.912556
64.415276,55.216805
64.413719,40.249279
64.39003,32.981834
64.382416,37.437332
64.372475,31.199278
64.358971,41.15097
64.356552,57.679001
64.346664,41.750057
64.342415,55.141666
64.322807,54.248474
64.312447,44.302307
64.30883,38.091694
64.298775,48.784054
64.289719,54.283306
64.276642,42.943501
64.276138,57.628113
64.257889,35.412251
64.23378,41.950359
64.228416,44.236637
64.225723,41.637695
64.225586,46.419388
64.222832,42.521084
64.222809,46.569305
64.214279,57.485416
64.193779,58.029057
64.172363,48.805752
64.154808,38.047085
64.154221,58.579807
64.144249,41.933723
64.142418,42.282806
64.14167,34.242332
64.140388,32.341415
64.129974,57.603584
64.102165,44.233971
64.097252,31.808361
64.08667,57.462223
64.084503,57.521915
64.076668,48.84914
64.074806,46.881832
64.073524,32.772778
64.073387,36.176193
64.046165,58.624306
64.04467,30.783472
64.038139,57.694916
64.036003,57.452835
64.020142,36.016361
64.018837,47.053276
64.010864,44.354332
64.010559,38.12225
64.004639,41.817276
63.99736,44.441055
63.979752,33.476555
63.96664,44.283054
63.940887,57.582943
63.936222,57.879391
63.923832,36.258446
63.913502,53.730141
63.910526,48.573582
63.902863,54.440887
63.891056,34.288723
63.890945,35.251751
63.8755,33.094612
63.872139,57.336113
63.869141,47.317749
63.85664,56.950359
63.848694,41.678082
63.843555,36.519222
63.834583,44.733112
63.82814,38.476223
63.826,43.663307
63.809776,37.18911
63.798222,40.666248
63.797779,56.688473
63.797165,42.183723
63.791611,45.169945
63.785194,37.674084
63.769527,39.294277
63.768806,48.645889
63.755611,37.403137
63.750916,34.849167
63.747944,53.714138
63.74789,34.346474
63.740501,41.409054
63.732555,54.20911
63.717388,39.667721
63.713223,45.424721
63.702194,35.259998
63.690666,34.921082
63.654999,30.520306
63.653751,54.847443
63.640362,31.039694
63.636002,38.722252
63.628529,56.606918
63.618721,41.611473
63.611637,40.525471
63.583694,38.113998
63.569138,45.70425
63.568748,47.804832
63.568668,31.569471
63.512474,45.690582
63.483139,48.680305
63.480694,41.539055
63.474609,36.076332
63.471722,41.773445
63.465916,48.8965
63.457443,40.296223
63.435001,35.516029
63.434139,45.891998
63.432919,48.648529
63.429501,39.875584
63.423222,43.545223
63.417946,34.057251
63.416332,39.077137
63.413639,46.10886
63.410667,31.259083
63.409111,55.804028
63.399639,53.957165
63.349277,37.528641
63.331196,36.726196
63.317249,41.385887
63.314167,35.820473
63.300972,40.683918
63.291752,33.382832
63.287998,56.406502
63.284248,39.135529
63.280388,35.441971
63.27911,53.081528
63.271832,42.01936
63.23225,42.958305
63.202026,32.307026
63.182556,54.428749
63.166473,51.233807
63.150223,34.313362
63.148361,42.06736
63.13361,33.188084
63.077137,41.092361
63.045582,41.610748
63.044556,32.330055
63.031387,52.318359
62.993473,54.711777
62.979084,39.316418
62.969471,36.134972
62.967583,35.720028
62.960693,46.631416
62.951832,50.790695
62.946499,46.128166
62.945526,46.391361
62.941528,56.108665
62.933887,37.035831
62.922943,42.943222
62.922443,34.593224
62.898724,40.311417
62.896137,54.964359
62.865028,40.717804
62.862835,42.051498
62.857498,38.657749
62.856335,42.709751
62.854889,34.838779
62.817223,41.148361
62.811028,50.632832
62.786083,37.804722
62.767944,33.566029
62.725693,31.987528
62.714916,42.855946
62.705334,32.710751
62.704224,37.095779
62.703972,50.698666
62.694332,38.27964
62.691639,46.231888
62.68211,57.786777
62.67836,34.271694
62.670444,43.406277
62.629307,48.908749
62.615501,44.569973
62.613834,38.827305
62.606529,34.946777
62.593224,35.599251
62.589111,43.661362
62.587582,45.919498
62.561806,37.715668
62.54314,54.85675
62.513748,35.239834
62.505112,36.527527
62.491444,38.222668
62.463276,33.629444
62.446167,42.306557
62.441944,45.319584
62.426556,54.662472
62.400639,35.897667
62.390999,43.072887
62.381638,35.526943
62.378971,54.248722
62.374111,43.925751
62.366917,44.271278
62.360668,41.94136
62.355888,52.907501
62.347721,31.009806
62.333916,50.691971
62.300972,34.521416
62.292526,38.33939
62.264751,52.502193
62.264557,54.179165
62.257721,32.695999
62.255554,35.096085
62.252918,55.939999
62.251305,40.816723
62.23711,36.875111
62.236111,35.604
62.230862,48.95089
62.228306,50.398304
62.221306,33.811749
62.202305,34.833832
62.191334,53.216583
62.184612,30.706194
62.155167,35.803307
62.152695,34.764221
62.132694,52.487862
62.13039,56.593472
62.126446,49.827057
62.123249,42.987362
62.111362,39.324249
62.109417,38.875389
62.108891,40.66153
62.097443,48.855667
62.086445,35.185165
62.084557,54.290279
62.081779,32.360806
62.065109,34.660278
62.046001,36.044861
62.009472,38.275528
61.993168,31.710306
61.989582,41.729805
61.986,45.605804
61.975971,34.562637
61.975113,54.380222
61.96875,45.112362
61.966972,45.920555
61.949333,37.198166
61.917389,31.156361
61.908554,52.880859
61.907223,42.627529
61.907082,37.736752
61.901054,55.11861
61.898193,43.703083
61.893196,47.145943
61.885166,34.068638
61.881973,38.738388
61.880054,54.580166
61.854443,35.18911
61.852695,51.465694
61.845417,34.337082
61.844387,45.354416
61.813557,57.876751
61.81189,36.024223
61.81189,40.211529
61.810081,36.538223
61.809639,35.237778
61.801971,36.969891
61.80114,30.944555
61.796001,37.732166
61.781555,44.811611
61.776585,46.870724
61.776028,38.066639
61.765999,41.554359
61.753666,53.32975
61.7505,55.195221
61.747723,48.547054
61.715111,30.992472
61.702888,45.394054
61.695389,53.696999
61.686474,33.614777
61.676388,42.511444
61.668167,31.155582
61.66811,36.053665
61.634583,53.893585
61.6315,45.901669
61.616528,58.002335
61.597862,43.93578
61.572083,31.480499
61.568863,36.4445
61.568611,32.858387
61.563221,34.448307
61.560249,44.089222
61.535694,41.573528
61.527111,40.530334
61.512943,30.209473
61.512833,53.356861
61.50853,38.940613
61.481888,48.7915
61.481361,44.281055
61.47789,34.490749
61.459583,37.492332
61.458527,45.340084
61.411835,57.759224
61.401943,55.210888
61.382332,33.688168
61.367805,35.368916
61.361557,51.312778
61.35989,52.474335
61.355972,34.63372
61.35239,34.449165
61.35186,51.902527
61.348362,58.151833
61.337971,40.081276
61.332443,44.542946
61.328499,40.251915
61.320667,45.498611
61.316334,43.721527
61.314999,44.105778
61.313362,32.475582
61.284863,57.225777
61.28125,38.573444
61.274139,36.595276
61.265446,50.994221
61.263638,42.384029
61.257637,37.393749
61.251026,58.328556
61.238609,44.681667
61.218334,47.540222
61.218166,50.182362
61.217529,38.894974
61.206028,34.435112
61.204418,41.838696
61.200085,32.402695
61.197556,35.576279
61.186749,47.181805
61.185333,52.10939
61.181694,50.640915
61.173805,37.674278
61.164391,58.742722
61.154362,46.354252
61.153862,41.329361
61.152027,57.284943
61.145943,32.687862
61.145748,54.191082
61.141304,45.125137
61.136944,43.3685
61.136002,45.520195
61.133362,56.687111
61.10289,48.598862
61.102222,44.845974
61.096916,42.810276
61.090557,40.92625
61.079082,57.218056
61.02261,39.332695
61.016029,35.47636
61.012474,36.151417
60.984444,37.802807
60.978054,33.902027
60.973999,49.691917
60.97086,43.349556
60.970501,53.745251
60.969776,45.396389
60.960445,49.452835
60.950748,38.518585
60.940361,54.435612
60.929195,33.104084
60.913139,50.308666
60.910889,36.839169
60.903641,47.256973
60.901638,46.850666
60.891777,49.752472
60.882832,45.844666
60.879028,44.774971
60.854389,41.744167
60.851501,35.567917
60.836445,56.021389
60.832611,57.478695
60.822224,32.930832
60.813084,58.949944
60.800446,40.081306
60.798054,33.738667
60.792583,34.994083
60.789391,37.800304
60.779083,38.943474
60.743057,42.048611
60.740139,47.659832
60.738499,37.095112
60.735443,38.492195
60.731861,56.747417
60.729168,52.051556
60.709972,53.942055
60.704166,36.012527
60.700863,45.742443
60.700806,43.837471
60.685307,48.729084
60.671612,41.530445
60.670776,58.653946
60.668362,50.355751
60.666557,46.850082
60.659054,56.219944
60.648056,51.14864
60.647888,49.046833
60.647804,49.406193
60.62711,38.797916
60.626667,34.77739
60.607277,45.346111
60.601723,47.925888
60.58411,44.921722
60.582863,50.886444
60.573528,55.854168
60.570778,53.943111
60.568779,48.065613
60.563778,46.856998
60.560081,56.470333
60.558529,30.258833
60.547443,58.517887
60.514362,37.561638
60.508804,43.576138
60.507389,36.027168
60.5005,41.77475
60.498943,57.310028
60.496639,39.423527
60.494141,59.937138
60.487835,55.965305
60.478889,58.077332
60.474804,40.223557
60.461418,46.484112
60.458332,37.963223
60.447556,42.519333
60.43578,45.515057
60.434971,46.302612
60.418056,38.682499
60.408974,44.28561
60.408249,47.545082
60.407665,56.167057
60.406723,33.860332
60.40036,59.377945
60.394028,35.07436
60.388138,33.056416
60.381222,54.215611
60.369526,48.447109
60.36261,57.707779
60.362446,58.883472
60.357082,47.08075
60.356056,36.110138
60.347584,44.855305
60.347279,50.76936
60.343277,52.064861
60.337696,51.531277
60.317307,36.943359
60.305473,53.958778
60.302166,54.330723
60.295444,34.339611
60.295418,44.576389
60.273834,56.132278
60.268333,35.684834
60.265915,37.976418
60.265057,57.157528
60.258583,43.941528
60.258251,39.74139
60.245918,55.42564
60.232639,47.388557
60.226307,44.333752
60.190056,53.746471
60.182583,53.862694
60.166557,44.890835
60.166527,54.400696
60.165527,46.563137
60.164665,46.811249
60.163113,30.227249
60.138138,45.282917
60.132915,40.219307
60.132915,47.900417
60.128582,57.362862
60.125584,55.141666
60.117611,57.790722
60.104752,41.289665
60.074333,56.34539
60.065304,34.546165
60.063057,33.291695
60.056862,48.028889
60.053555,59.260277
60.044193,50.786915
60.037361,37.790359
60.031113,56.120335
60.029724,36.992001
60.020779,54.329613
60.0205,52.269611
60.017029,41.930248
60.013222,41.052917
79.488586,76.900444
77.527168,82.287476
77.526497,82.300194
76.940613,68.453888
76.624222,65.977608
76.206718,62.720974
76.202942,62.585667
75.698914,88.659302
75.401642,88.783943
73.690025,85.259697
73.613029,82.387001
73.50489,80.580917
73.330559,70.080193
72.90461,80.889473
72.412308,72.733444
72.367165,78.564003
72.359306,81.334747
72.335472,79.490196
72.110054,80.497643
72.005943,76.43708
71.979164,75.410004
71.89061,82.708862
71.795303,83.461945
71.754837,82.863083
71.725388,83.470276
71.705528,83.556725
71.694664,82.354805
71.682915,83.25267
71.558418,83.118332
71.541969,83.661446
71.474747,71.813416
71.449638,89.218559
71.408836,83.423553
71.405052,82.990303
71.069443,83.228416
71.039169,76.984947
70.889832,83.226471
70.874001,78.474808
70.853722,83.561386
70.840836,89.927635
70.784279,83.613747
70.715721,82.356697
70.690971,83.655418
70.467499,88.857109
70.430946,83.774002
70.423164,82.666054
70.384109,67.299721
70.333389,74.135193
70.166664,82.34053
70.15242,72.539413
70.113998,83.214249
70.070114,83.230835
70.066254,82.197693
70.017029,73.79792
69.841499,83.780525
69.786057,85.476059
69.751221,61.663696
69.724503,84.091637
69.713448,66.838776
69.712753,60.070583
69.660385,84.422752
69.648865,60.353973
69.56897,84.526947
69.492165,88.460915
69.482498,86.055473
69.457695,85.994247
69.431503,87.213837
69.42247,72.492996
69.395638,88.302086
69.36911,87.625053
69.235497,64.949364
69.205254,60.6665
69.18792,85.92942
69.101776,76.834198
69.078362,71.599777
69.01503,86.120865
68.931808,86.048447
68.90239,66.507858
68.88517,69.428612
68.855225,61.183945
68.802254,61.143333
68.784752,86.035667
68.759888,61.403831
68.694443,60.531555
68.678665,86.267639
68.663498,60.078362
68.452698,86.417358
68.443863,77.913948
68.442055,73.585419
68.354752,71.864052
68.335167,77.083664
68.103859,87.794136
68.053085,86.446114
68.034447,78.761719
67.947891,64.798721
67.934448,86.376389
67.904587,61.255749
67.827751,78.426308
67.791031,77.021248
67.751167,83.751335
67.750641,74.797417
67.745781,64.545387
67.729973,77.561806
67.689888,72.927307
67.664497,86.214081
67.597557,78.913696
67.49308,63.742611
67.465553,63.68
67.461304,78.708664
67.43853,77.89978
67.419693,72.402832
67.417557,86.484085
67.347389,77.971107
67.318886,72.200974
67.296776,69.788834
67.290085,86.511948
67.283165,63.661278
67.247391,68.708031
67.189003,79.430389
67.172112,63.58411
67.160805,73.95842
67.125809,61.792057
67.121193,86.609947
67.108475,63.327499
67.10672,80.757278
67.09478,60.11636
67.050247,65.369888
67.042358,63.10025
67.042,64.237389
67.041115,63.733139
67.011887,80.381859
67.005302,78.233803
66.991028,69.561195
66.982246,71.612
66.967834,81.603859
66.913277,88.380386
66.911278,62.903862
66.883141,86.74572
66.862587,70.854469
66.860222,68.159973
66.822441,83.702362
66.79789,65.839058
66.763725,67.756775
66.745003,69.149666
66.728058,66.245529
66.718971,82.191559
66.678719,88.196114
66.670059,62.589668
66.636971,73.002083
66.626358,72.926277
66.617386,86.688469
66.614944,62.525417
66.605858,86.214722
66.597275,82.313858
66.595581,87.93261
66.588997,67.302834
66.580223,68.489807
66.566025,67.784889
66.552864,61.664223
66.528694,68.074333
66.522614,61.773777
66.513031,66.374969
66.499748,87.275139
66.495361,68.217308
66.471138,69.421913
66.464447,65.597664
66.418167,66.374359
66.412086,65.880859
66.387032,87.529976
66.33725,71.17083
66.332642,70.793915
66.33136,67.537415
66.325447,66.103615
66.320969,70.427864
66.259087,82.174057
66.176361,60.778278
66.175331,71.977333
66.121529,87.256889
66.10186,87.881447
66.046196,65.584114
66.037613,68.705002
66.017609,82.181053
65.971306,84.324333
65.965225,88.746475
65.959137,65.935974
65.957138,78.344864
65.952469,82.298141
65.951225,89.046448
65.913002,72.188141
65.912086,87.575111
65.899696,65.373337
65.860107,86.203552
65.856003,65.057388
65.839081,65.936996
65.79586,87.962418
65.793945,82.322166
65.783585,65.928337
65.728302,69.041031
65.724419,64.244888
65.671143,64.60733
65.595581,88.096001
65.572914,64.607719
65.572334,84.909363
65.525391,72.526917
65.481224,65.710526
65.444191,88.017555
65.402138,64.703415
65.347641,63.520332
65.327835,88.005165
65.242531,63.539112
65.215919,73.481613
65.169357,87.942665
65.163582,63.599335
65.091278,81.439499
65.067886,66.350441
65.056641,65.304695
65.053391,64.714668
65.049446,65.364166
64.984192,66.803391
64.983002,65.771919
64.972641,66.231224
64.944916,64.382332
64.934334,66.982803
64.909225,77.77803
64.889557,65.09153
64.87178,65.597809
64.821472,63.993195
64.775253,67.35714
64.774971,65.631584
64.726418,87.780251
64.684723,67.55497
64.667358,65.65728
64.629753,65.203476
64.439667,87.557281
64.339973,87.089638
64.316277,65.384224
64.270363,65.496002
64.261803,60.849834
64.248138,60.927639
64.236305,87.600502
64.217003,66.066444
64.123558,76.840942
64.09433,65.210419
64.089226,61.055752
64.069504,63.872196
63.798637,82.728416
63.781971,65.916359
63.697918,87.336304
63.581001,83.848389
63.541248,69.130081
63.530804,64.825722
63.51239,71.321388
63.44075,87.308807
63.406193,80.106224
63.369778,63.064415
63.35928,85.69767
63.189804,64.949944
63.033138,65.192001
63.027306,88.150917
62.969528,65.105553
62.771416,61.595749
62.764526,88.423332
62.741196,87.021385
62.556526,64.47361
62.550167,65.848221
62.482334,86.300194
62.459721,89.029778
62.449001,66.270248
62.3815,64.092247
62.333694,60.15139
62.288502,89.040054
62.286388,66.631531
62.250221,66.92617
62.188251,60.352722
62.144333,65.393166
62.114361,66.367668
62.100056,82.935692
62.085304,89.206497
62.041416,63.413387
62.037971,66.409195
62.031166,81.335693
62.027222,67.411057
61.839863,89.323219
61.803749,60.409527
61.72086,79.109108
61.696583,70.683113
61.682693,64.470192
61.656555,89.734726
61.63736,67.80658
61.628445,72.133469
61.570446,67.470917
61.556889,66.233696
61.537361,82.390442
61.469501,64.039253
61.450165,68.936333
61.39975,64.861916
61.395306,68.283226
61.364056,63.578945
61.337307,72.267998
61.299057,70.346558
61.298279,69.54422
61.275249,63.192081
61.268917,60.181751
61.256748,73.179665
61.254055,75.10833
61.225777,72.039948
61.222889,69.059914
61.209278,69.873306
61.162998,62.695946
61.1605,73.426865
61.11911,80.579308
61.10247,80.264305
61.10239,77.153137
61.098446,75.112915
61.058613,68.61853
61.055248,76.32653
61.026611,89.610107
61.010529,71.709724
60.997833,71.18792
60.983944,69.29808
60.980946,60.396946
60.969776,72.627304
60.947224,78.620613
60.909916,89.371307
60.891418,69.717331
60.885361,73.655724
60.859306,64.883308
60.774776,61.017971
60.747417,76.80558
60.724751,60.791695
60.717335,77.050667
60.704224,67.920197
60.680637,69.619858
60.680527,71.45414
60.680111,60.056416
60.674835,89.958641
60.666332,62.101387
60.649193,75.738892
60.623028,64.722557
60.616222,73.831833
60.558529,60.091
60.52425,67.297554
60.516724,64.604111
60.510471,74.027748
60.501999,77.890274
60.4585,65.16983
60.44936,78.251694
60.418472,69.030861
60.408195,69.826637
60.371723,84.14547
60.353611,64.194778
60.338085,69.883469
60.334915,68.954056
60.327332,78.407417
60.319248,83.863281
60.316776,64.203499
60.303165,62.713943
60.284863,60.435471
60.278721,61.075027
60.244221,73.523636
60.230999,62.755333
60.220779,66.477448
60.214722,64.476112
60.209999,61.288418
60.204166,60.373306
60.184639,69.684692
60.173584,73.36647
60.169334,61.484306
60.166943,83.354111
60.159389,78.746948
60.150944,62.793194
60.134388,78.917946
60.103638,76.34272
60.095943,66.609497
60.076889,71.475388
60.057499,75.233559
60.053944,68.77211
60.053555,82.899002
60.049583,63.221085
60.033833,65.194275
79.559776,90.681358
79.528084,91.265808
79.392525,102.455391
78.238998,103.132919
78.144386,106.521553
77.181389,96.464165
76.268303,94.736694
76.250305,98.863831
75.642502,91.456253
73.971474,111.134026
73.627441,107.455193
73.536003,110.344276
73.486725,113.591888
73.48333,111.645775
73.457169,111.849083
73.397224,111.570335
73.266136,108.221275
73.258308,90.553528
73.198059,113.64267
72.984444,119.88414
72.952141,107.209641
72.925415,119.896194
72.824669,105.824059
72.810997,113.267975
72.456192,104.183197
72.32061,103.203613
72.165253,102.907608
72.099609,113.642807
71.964027,102.440613
71.954308,114.119835
71.905746,102.162331
71.861389,114.297775
71.850693,101.921608
71.821388,100.054947
71.74308,99.880554
71.557503,99.629639
71.528053,103.277054
71.341972,98.128471
71.281334,99.400085
71.247444,117.132225
71.1745,99.190613
70.988167,94.527725
70.777725,97.570526
70.772499,112.577415
70.685196,93.958664
68.742859,118.020081
68.510918,107.755997
68.505608,112.48983
68.465057,102.16761
68.408501,113.389359
68.335526,110.079941
67.763527,102.043472
66.921776,93.49942
66.9095,94.798836
66.425919,112.401749
66.319054,114.119614
66.255997,114.30986
66.24353,114.714027
65.941719,111.488113
65.893776,101.283669
65.760277,105.338081
65.695084,115.372169
65.629417,90.041336
65.173637,119.579445
64.956276,98.871109
64.607475,112.444946
64.547142,119.558807
64.48053,91.245804
64.432663,116.907585
64.398613,92.751221
64.320778,119.71022
64.280586,100.223442
64.252419,119.755363
64.217552,93.789055
64.15686,116.561081
64.144943,119.771362
64.128944,99.903557
64.104332,119.805611
64.041664,95.507004
63.861332,116.489471
63.814167,96.447113
63.767555,116.841446
63.749332,118.240669
63.716473,119.85817
63.696529,118.068863
63.661194,118.279198
63.626415,116.665863
63.603668,119.44339
63.590862,103.942917
63.571724,107.568108
63.543194,116.742531
63.501472,105.117226
63.436974,117.047363
63.38039,105.671417
63.365696,118.709862
63.228416,113.74939
63.217361,118.142166
63.070168,117.888496
63.053501,116.388031
63.017307,112.473167
62.968445,117.475365
62.965721,113.194969
62.859695,117.552696
62.822861,115.22467
62.707195,117.56572
62.617943,108.353889
62.44836,114.327499
62.310806,92.135223
62.141224,114.17939
62.068501,96.650558
62.031723,118.643806
62.02211,117.723305
62.0205,117.415306
62.007305,117.483444
61.988724,108.187859
61.97728,94.660248
61.85025,108.07003
61.817638,92.631386
61.815918,94.113777
61.790611,113.023613
61.75214,102.796165
61.688084,96.388809
61.62711,91.187943
61.609528,90.129524
61.570415,97.174889
61.32061,100.488281
61.273888,108.026886
61.003807,119.277664
60.996666,93.425529
60.984055,106.711891
60.964863,96.973526
60.964001,115.458809
60.941582,107.966888
60.885887,109.428139
60.828251,114.323303
60.822807,118.188721
60.809418,116.175278
60.805305,107.948334
60.766804,115.623917
60.730057,119.454391
60.717361,97.517471
60.702057,115.855751
60.649582,109.1035
60.602974,96.29467
60.577221,92.63308
60.566666,114.472694
60.541084,116.108223
60.449833,116.754471
60.448639,92.43322
60.444668,114.319832
60.398777,90.080223
60.377472,92.651665
60.373528,93.046448
60.368279,98.324997
60.362167,93.37925
60.361557,116.985832
60.359001,107.747025
60.354362,112.569611
60.343918,102.287888
60.31422,99.373917
60.281139,90.022026
60.263779,100.48217
60.254196,119.681831
60.24786,100.192474
60.243999,90.200775
60.230415,114.118752
60.215221,119.352417
60.209499,108.056747
60.205528,112.425613
60.179085,119.948608
60.166222,93.068802
60.159473,102.24292
60.159138,107.169029
60.144554,111.574448
60.123306,119.219025
60.115028,93.191803
60.080112,116.908775
75.989166,137.889969
75.829697,137.617035
75.511169,137.274673
74.891914,142.198166
74.76667,139.503922
74.680305,139.007446
73.907555,140.542465
73.396385,126.604668
73.393997,141.066055
73.355858,126.367531
73.348053,139.929977
73.236832,142.532608
73.218025,143.539673
73.197304,143.252411
73.175613,128.86116
72.847473,129.313507
72.61908,127.093582
72.555222,129.140137
72.430443,129.006668
72.416389,126.493919
72.390747,126.842941
72.144386,129.339279
71.623863,128.865448
71.496025,148.378479
71.450058,136.112228
71.373444,135.16275
71.19178,149.429169
71.037003,127.498528
71.00164,149.055283
70.861969,143.500443
70.841026,130.753326
70.805641,133.496109
70.796417,134.884827
70.739334,127.378525
70.733276,136.221619
70.724113,139.731674
70.719002,139.225937
70.671364,133.060501
70.671333,127.388725
70.650612,148.675476
70.633614,134.326828
70.622169,147.916168
70.56778,134.967606
70.550415,142.396469
70.49897,147.45047
70.212753,147.360779
69.99675,135.571365
69.964447,125.01358
69.947166,147.595383
69.943108,146.414688
69.822388,147.531586
69.769554,128.185669
69.736443,137.184219
69.57975,141.717224
69.5755,147.556549
69.570946,132.195282
69.516113,132.184967
69.501274,132.181396
69.401031,134.675644
69.383751,147.722366
69.319885,140.975632
69.290443,137.411774
69.270416,147.350113
69.207863,134.386887
69.197891,147.298615
69.134308,134.316193
69.124191,145.807526
69.121391,147.532974
68.911499,134.362701
68.907219,136.7117
68.787636,148.962494
68.697975,134.444
68.545441,132.727478
68.456413,134.796951
68.438278,135.105835
68.418114,132.33139
68.413918,132.383835
68.400558,135.034195
68.39653,145.121384
68.377052,143.653854
68.37178,149.623672
68.35083,144.550583
68.306114,135.002304
68.303391,148.850662
68.251167,147.10022
68.223419,145.278702
68.190247,134.893219
68.169502,131.707108
68.145195,134.806244
68.134308,146.444977
67.984863,134.162994
67.969643,134.730438
67.96933,146.199448
67.95417,133.688171
67.876526,126.643364
67.862946,133.454254
67.833305,131.150772
67.806419,134.694977
67.792809,130.401779
67.769691,135.667969
67.751335,134.689163
67.64817,135.569199
67.640442,144.791672
67.607887,134.635605
67.602997,134.461746
67.580086,133.450424
67.579193,130.768326
67.551003,146.71019
67.550529,132.884109
67.550529,133.399643
67.540443,136.531616
67.540001,133.918671
67.533195,134.085007
67.520836,132.844467
67.475082,133.862411
67.467918,130.663467
67.45047,135.506393
67.403526,137.170609
67.392471,135.712524
67.37928,130.587967
67.370865,132.316696
67.328056,134.407089
67.277916,130.55275
67.214668,132.926834
67.20089,132.123856
67.196419,130.378052
67.190834,130.485718
67.172722,135.341476
67.155197,134.691498
67.13047,137.416
67.118774,130.028778
67.111305,126.12722
67.105469,135.856888
67.093224,134.314774
67.007919,129.898895
66.994858,133.03772
66.988136,132.507553
66.917252,134.276031
66.892136,137.33609
66.865555,134.254745
66.823975,132.24855
66.812752,133.921524
66.792,142.728638
66.787086,136.659607
66.781197,129.568115
66.767334,131.627747
66.760529,132.633423
66.742615,132.588837
66.687164,131.771088
66.647057,132.848526
66.559776,132.905334
66.513969,149.78595
66.491608,143.038254
66.486664,142.371826
66.455612,143.22258
66.401695,131.505798
66.379837,137.234283
66.377724,138.204025
66.374809,132.988281
66.32653,138.041977
66.26236,143.307495
66.229752,133.051498
66.198807,136.947327
66.082474,143.237534
66.073997,132.847748
66.032082,143.228134
65.961693,131.639587
65.933113,130.200256
65.757637,149.775467
65.741806,149.746078
65.686142,130.304245
65.565193,131.673477
65.520302,148.642273
65.173309,147.07869
65.022415,130.687027
65.005165,142.958466
64.97242,130.66333
64.820198,120.364891
64.81633,142.645645
64.775024,141.45311
64.774498,120.32711
64.735809,141.171661
64.704109,142.57695
64.690025,121.711365
64.624001,120.168251
64.561584,141.68103
64.536552,143.017975
64.534164,143.494308
64.525475,121.034164
64.506195,130.570557
64.499779,143.856949
64.443169,141.860718
64.396332,122.220528
64.376663,120.541191
64.309944,141.96167
64.290665,142.826645
64.265221,133.962524
64.248138,142.088974
64.237724,141.529358
64.183807,143.028336
64.123886,120.270111
64.099503,123.712524
64.062363,141.907639
63.992748,130.291245
63.961693,126.62867
63.949028,124.818169
63.917526,120.499275
63.914555,135.859726
63.871887,121.602608
63.864277,123.047279
63.856224,123.835999
63.837387,124.397194
63.750362,122.911583
63.732971,146.107605
63.721527,124.189476
63.690887,125.958527
63.675529,121.820641
63.598999,121.469391
63.587444,127.782196
63.570137,125.234024
63.557388,126.413971
63.534668,120.186607
63.520916,129.422272
63.486362,128.031189
63.484665,123.177635
63.466862,120.157417
63.464138,142.773727
63.446556,125.508331
63.445557,130.148773
63.429417,140.589111
63.404026,130.627365
63.402584,146.575272
63.401917,134.812057
63.378387,125.512192
63.3325,141.728668
63.304668,130.85881
63.288887,129.462753
63.267723,132.562439
63.262417,120.457642
63.259583,143.209473
63.221889,132.100006
63.153221,146.928085
63.146889,120.926834
63.138805,147.899887
63.132973,129.724274
63.11264,124.002029
63.086582,130.409225
63.049446,123.979057
63.043915,147.184494
63.019943,121.235886
63.005054,132.743744
62.924641,134.45192
62.916,146.407059
62.915306,131.033829
62.909779,129.540329
62.880779,130.310776
62.866501,134.353867
62.836723,128.455856
62.826416,121.081306
62.824444,129.593994
62.779167,136.806549
62.766529,148.128754
62.762859,127.094643
62.758251,122.036499
62.718613,129.664169
62.70911,125.047997
62.687668,133.628754
62.679165,131.152863
62.676029,147.596283
62.670029,147.770447
62.668388,124.55864
62.664333,132.19603
62.628223,134.772202
62.56311,126.845802
62.562473,125.117775
62.554916,130.264114
62.530834,147.360672
62.530693,129.756729
62.521805,149.617752
62.503723,120.179108
62.445137,130.123199
62.435555,125.875053
62.429222,131.593719
62.398304,122.632111
62.380722,127.915276
62.367332,134.821671
62.360416,126.642944
62.352112,133.550781
62.350693,129.956604
62.34486,128.705521
62.337555,124.450058
62.278111,124.818748
62.272583,127.334892
62.261917,132.124222
62.258362,132.348633
62.238804,134.593857
62.216473,135.854996
62.204613,127.734863
62.182999,131.398193
62.178001,132.009918
62.170223,148.141159
62.162109,129.820801
62.160831,133.665497
62.152557,146.498505
62.152306,124.075058
62.145279,128.058975
62.112526,148.489944
62.109612,130.010361
62.089085,126.255531
62.033638,148.153702
62.027248,126.672165
62.020889,132.295609
62.011696,133.846664
62.005749,130.542252
62.00386,133.957687
61.982445,122.058914
61.96125,135.670883
61.952946,129.912506
61.928638,130.943939
61.892334,126.530525
61.890556,147.447968
61.879002,135.527191
61.823112,146.591858
61.794945,128.538437
61.734444,125.402306
61.73428,131.019913
61.69561,133.363586
61.669109,129.415054
61.66478,136.334717
61.653362,132.060837
61.643696,130.090057
61.637054,147.890579
61.533001,132.896576
61.511749,131.295059
61.492168,148.182007
61.486889,124.70211
61.485943,129.308884
61.440723,129.04631
61.372528,138.12706
61.372166,128.864563
61.318695,128.923965
61.305779,128.656891
61.301167,128.241745
61.27161,130.870895
61.234138,127.725197
61.209194,132.655548
61.186001,127.523476
61.174389,121.900192
61.134556,126.76458
61.126667,127.206253
61.109138,126.375664
61.011139,126.156891
60.962307,125.906944
60.923889,132.115189
60.910778,137.941589
60.902973,132.024338
60.901943,131.956665
60.862278,135.302612
60.832611,123.537308
60.818001,125.339691
60.777195,125.012085
60.765835,131.765091
60.733612,137.791199
60.681973,124.718277
60.680054,134.953827
60.672974,145.55925
60.664471,121.431
60.664001,124.341026
60.620556,121.623253
60.597752,123.302055
60.58675,122.89122
60.560638,122.398697
60.501389,130.012939
60.478554,137.868866
60.472137,131.094284
60.47139,120.712975
60.47039,131.414413
60.438526,130.725586
60.436054,124.259583
60.416222,134.533386
60.357613,134.415939
60.34761,120.085335
60.31189,127.429001
60.288193,125.25808
60.275501,120.176552
60.257637,137.704742
60.162556,130.182388
60.131168,134.068359
60.108612,134.846298
60.104443,127.286087
60.104416,137.550034
60.062778,133.925003
76.993057,156.693634
70.111191,170.569885
70.078804,170.616974
69.925919,167.962173
69.866386,175.854385
69.827026,174.551254
69.825226,174.7742
69.749664,176.352341
69.742531,170.607193
69.742447,171.832642
69.692947,170.399612
69.612587,177.019669
69.598526,170.209503
69.588142,170.638504
69.584167,177.269135
69.567108,165.139923
69.556442,165.775085
69.550499,172.000061
69.48925,166.536469
69.393753,170.826416
69.175392,172.368912
69.03228,171.070923
68.903946,170.743256
68.786667,170.506912
68.589638,166.264694
68.499863,168.241776
68.258698,166.769913
68.19664,166.338882
68.059639,166.443893
67.84536,166.163757
67.775391,167.51297
67.202835,167.973923
66.37989,173.326416
65.878136,173.297913
65.845886,177.558105
65.806747,173.340866
65.549057,168.851776
65.485359,173.285782
65.287003,175.119385
65.268555,168.680054
65.218109,168.850418
65.163277,171.845978
65.159721,173.606995
65.144058,176.775772
65.094833,172.281479
64.876976,171.570496
64.846191,168.749557
64.829109,174.255646
64.782974,175.940979
64.779915,168.933411
64.769058,174.250443
64.74147,170.145859
64.734947,177.33522
64.73333,177.672836
64.73053,169.834305
64.727692,170.803055
64.683113,175.258255
64.671722,170.422668
64.652664,174.832199
64.165222,171.0383
63.967804,178.218216
63.7215,167.605606
63.4645,176.523132
63.411278,172.715729
63.170696,167.96933
63.13575,179.035614
63.065971,179.358917
63.057583,179.247864
62.858276,177.052002
62.72625,177.660721
62.710304,166.592834
62.543304,177.076172
62.493332,165.184967
62.492222,165.347336
62.491165,165.131866
62.46661,166.211243
62.063778,175.284088
62.055222,166.702255
62.001583,175.120895
61.978943,174.731216
61.014889,169.143112
61.011555,170.510757
60.76461,166.149307
60.577332,168.139664
60.559502,169.162476
60.54961,169.801636
60.537613,169.279861
60.473473,166.274582
60.454388,169.592743
60.444221,169.63353
60.405724,167.065002
60.364529,166.270447
60.202221,165.494415
60.077446,165.159256
59.780304,28.117001
59.676224,29.84761
59.654861,28.349001
59.606083,28.752527
59.585918,29.321056
59.152138,28.305611
59.017113,29.097416
58.982887,28.200111
58.96703,28.509361
58.951527,29.646667
58.885834,27.90925
58.860806,29.862278
58.748249,27.824472
58.727859,29.305611
58.656277,28.24361
58.627472,28.785694
58.549751,27.8575
58.535362,29.812889
58.421223,29.366417
58.420307,28.435778
58.406696,27.712778
58.268307,29.130556
58.264179,29.458441
58.110027,28.888695
58.105526,28.378723
58.0425,29.504749
57.906696,29.312166
57.819832,27.608278
57.789391,27.953945
57.757751,28.767584
57.707779,27.856501
57.647362,29.070417
57.64711,28.540167
57.572918,27.473278
57.553391,29.945583
57.535278,28.556417
57.531776,28.026056
57.463501,29.800833
57.404915,29.358
57.37875,27.815611
57.367027,28.043194
57.338444,28.85511
57.253307,29.394945
57.10136,28.295111
57.063557,27.9195
57.029915,29.342388
57.021111,28.929832
56.976723,29.889584
56.828472,28.293444
56.770443,29.420111
56.336529,29.373861
56.196945,29.824862
56.124416,29.656694
55.193111,21.269361
55.16325,20.839777
54.945835,19.980667
54.608311,21.277218
54.580975,20.155434
59.977585,35.241306
59.911057,39.284637
59.866306,44.568779
59.856415,31.663584
59.820999,33.520027
59.791889,35.741722
59.784943,34.877834
59.781193,39.47036
59.758278,44.215805
59.756668,43.142887
59.735249,37.685638
59.677807,30.459639
59.662693,43.933945
59.66111,32.120583
59.653137,43.68811
59.649612,40.58461
59.648056,42.247917
59.632111,39.727943
59.63036,38.867527
59.62886,37.108387
59.626804,34.325165
59.625832,36.439861
59.625168,39.340527
59.602001,36.080639
59.599499,31.166
59.587666,33.190361
59.528084,32.386555
59.526028,37.021221
59.48111,31.002722
59.480194,35.677639
59.458752,32.026833
59.428806,39.672863
59.421722,33.225529
59.394196,39.265335
59.358028,32.349751
59.35511,42.59111
59.330444,36.733471
59.32436,35.175499
59.287498,32.458946
59.28664,39.690723
59.266972,33.407082
59.266804,40.666668
59.233055,38.520111
59.231388,34.166222
59.216,30.014194
59.201611,37.156387
59.200027,38.838974
59.145527,31.910084
59.14539,44.272388
59.14436,36.398777
59.125446,43.456501
59.124668,43.974777
59.117527,33.358196
59.04311,32.532249
58.98875,42.206974
58.988724,35.280388
58.977196,39.300915
58.969334,33.99836
58.965721,36.608471
58.959583,31.093361
58.932751,40.750111
58.918221,30.6705
58.911804,32.088196
58.901165,38.62289
58.899666,31.668333
58.893639,38.202972
58.893139,37.210556
58.873196,41.453415
58.861362,30.355139
58.836807,36.469555
58.820835,30.341444
58.814499,33.397556
58.811749,35.039444
58.807888,39.494667
58.775501,44.585945
58.765999,36.271526
58.758415,40.985779
58.735695,33.480083
58.725277,37.412109
58.723446,40.13525
58.717972,44.649387
58.715248,37.730778
58.702194,39.924084
58.699749,38.530888
58.691502,32.57761
58.676971,32.709778
58.662472,36.658554
58.658501,38.03186
58.651501,30.305084
58.648945,33.433109
58.645363,30.688473
58.638916,44.031887
58.626667,39.222221
58.617085,31.40589
58.613083,37.436863
58.600361,34.335972
58.586723,36.418751
58.583584,32.878166
58.555862,33.492916
58.517113,34.591446
58.502556,35.340416
58.496166,30.309834
58.485916,43.413944
58.460251,30.988111
58.434166,31.69875
58.430389,44.119057
58.42086,40.344639
58.405056,42.021
58.399529,37.069805
58.376751,42.347084
58.358028,35.106415
58.329945,36.257305
58.302166,30.524889
58.302082,37.875973
58.284943,35.530918
58.280998,39.773472
58.2785,30.258862
58.270195,34.127251
58.245388,33.51075
58.242668,32.52425
58.211113,30.726749
58.190945,35.224083
58.16539,36.764332
58.16011,31.478222
58.14772,41.596806
58.136333,35.755138
58.13311,32.649666
58.100498,34.477196
58.076473,38.125805
58.018944,42.353001
58.001026,40.43914
57.948776,35.990307
57.941612,31.822277
57.929359,30.718861
57.921501,32.411972
57.917194,34.539917
57.88036,41.708057
57.870724,34.060196
57.858276,35.419724
57.808056,42.239529
57.801998,33.150806
57.796501,35.890972
57.787918,37.169224
57.787029,43.188557
57.732613,33.978443
57.719891,38.944389
57.704529,43.731304
57.693249,30.236389
57.674862,41.661915
57.67189,40.391998
57.667721,31.769361
57.667416,36.419666
57.656834,37.77253
57.642029,32.467251
57.63361,33.654026
57.619667,35.916279
57.613777,30.371027
57.608501,33.969749
57.58411,40.773388
57.566639,30.941166
57.549862,35.451778
57.517193,41.237221
57.482418,43.901501
57.47411,31.12414
57.451027,41.502277
57.426807,42.847832
57.403416,32.344807
57.390945,41.801834
57.365501,36.596832
57.343945,36.05378
57.340946,31.366306
57.316277,32.075165
57.311943,44.189056
57.303001,38.688641
57.283333,37.015583
57.279778,34.234722
57.270279,39.168056
57.265667,42.310696
57.245224,44.404694
57.20211,30.544195
57.177055,33.190777
57.175751,42.531971
57.154972,36.733944
57.132057,36.165279
57.127945,43.822723
57.089584,37.934696
57.065613,30.092112
57.030888,36.01289
57.008945,42.26236
56.986916,43.922779
56.972195,39.768528
56.931973,41.658527
56.926418,32.758751
56.925278,30.640694
56.905945,38.102974
56.890251,33.265804
56.887333,34.042751
56.825974,34.608418
56.825916,30.152973
56.793694,38.07225
56.789307,31.256306
56.771805,32.445332
56.759556,36.493862
56.755833,31.779444
56.732498,40.533249
56.719944,39.214806
56.706749,42.672417
56.700668,34.914055
56.690418,44.677471
56.66814,33.855
56.666473,40.374695
56.662666,33.033695
56.661556,34.372055
56.646778,36.292641
56.605835,35.375584
56.581249,39.026974
56.571693,30.164139
56.565277,32.696724
56.558167,40.110554
56.549194,38.544834
56.508972,36.286999
56.507221,34.934891
56.506248,44.815529
56.502056,36.006748
56.490196,31.317139
56.485806,30.807083
56.425777,33.615971
56.422359,40.455387
56.386112,41.925056
56.337612,35.981888
56.293388,34.683666
56.29039,30.989611
56.276474,31.689251
56.259724,44.413387
56.21347,44.504971
56.137585,34.937332
56.135777,43.050472
56.123528,44.989693
56.102859,41.211666
56.090389,38.104195
56.090057,30.484167
56.081779,31.383444
56.061554,35.936222
56.041279,44.611752
56.026611,32.642666
55.949665,31.676416
55.892471,33.990528
55.859779,32.31686
55.808224,31.768055
55.801193,41.2295
55.767502,43.913944
55.744167,30.757139
55.728584,38.95425
55.66964,33.312916
55.658222,33.919666
55.623528,32.162334
55.579861,32.549946
55.55714,31.826944
55.504833,39.004639
55.493111,32.927502
55.450668,33.2915
55.346027,32.32914
55.197224,35.691502
55.087166,39.532776
55.072529,35.028057
55.062668,42.181252
55.048557,32.067417
55.021973,43.816639
54.989388,31.648222
54.953918,31.096167
54.858444,39.659416
54.796722,40.821529
54.790333,44.914555
54.725529,37.415222
54.700359,32.70303
54.601528,34.351196
54.568584,38.225861
54.566471,31.440001
54.48225,33.756721
54.39753,44.080639
54.365276,39.288387
54.348721,38.263027
54.340279,33.54575
54.317585,43.335556
54.140305,38.660305
54.077446,44.594082
54.036499,36.425194
54.010834,43.647388
53.976723,33.765888
53.842472,42.370834
53.750057,42.662304
53.469002,40.207443
53.258915,37.703278
53.23925,41.65414
53.217388,33.74147
53.174751,32.587055
53.101665,43.312248
53.096249,40.701752
53.092083,42.39539
53.060638,32.847832
53.041054,31.478916
53.037193,37.734779
53.020473,34.459473
52.974529,41.895416
52.957195,31.966305
52.933472,41.279945
52.932583,33.455555
52.850193,35.207611
52.839249,43.844223
52.828083,31.650362
52.731335,38.153057
52.686779,44.524887
52.590248,32.760082
52.555054,33.265026
52.539307,42.557945
52.498028,40.476528
52.484833,37.085445
52.377445,41.683918
52.369415,32.193916
52.345974,35.501499
52.303501,39.731415
52.270721,43.334332
52.259804,40.114582
52.212582,37.397472
52.208057,40.835724
52.117584,44.073139
52.101776,36.756001
51.916195,34.560055
51.737751,35.288387
51.621498,44.3755
51.268002,41.494415
51.12064,40.723
50.922112,40.990971
50.879528,41.530109
50.849804,35.891304
50.681362,42.568668
50.571751,44.149502
50.537724,37.297001
50.4925,43.428585
50.401085,41.742001
50.172085,44.922527
50.075085,40.0205
50.071083,42.458248
49.667973,43.152306
49.665749,43.117443
49.658859,43.138889
49.657749,43.11039
49.648388,43.108223
49.647667,43.131084
49.640862,43.105721
49.382999,44.98275
49.117138,44.067471
49.108002,41.044724
49.00264,42.126415
48.98325,41.649082
48.819946,43.243168
48.655861,42.147945
48.640804,44.290916
48.575554,43.145584
48.361332,43.680668
48.191723,43.139526
48.173832,42.685307
48.042278,42.383278
48.007694,43.271252
47.970055,44.987862
47.914028,40.661888
47.872776,41.986252
47.869389,41.283554
47.865501,42.662804
47.832748,42.969444
47.797359,43.525444
47.749279,41.55014
47.700027,43.472946
47.619278,42.485554
47.607807,44.615196
47.598194,44.04789
47.521751,42.592304
47.519779,43.520916
47.514221,44.416138
47.368584,43.6105
47.347668,40.02861
47.304668,44.143444
47.247612,43.696056
47.246807,44.85725
47.108082,44.464333
47.097973,41.366695
47.007195,42.795334
46.87936,43.994026
46.879333,42.502777
46.868416,40.727833
46.842804,43.036251
46.722137,42.426445
46.718498,39.218582
46.716026,43.723751
46.465805,43.817665
46.345974,43.887833
46.177139,42.265026
46.107307,44.422249
45.944168,38.103973
45.779221,38.561001
45.553528,38.751888
45.29311,41.665974
45.283028,44.649387
45.281555,44.542057
45.210724,43.045334
45.143776,36.705944
45.124054,43.249111
45.105583,37.422138
45.082832,43.038166
59.953445,55.219139
59.951305,48.165279
59.945805,56.6735
59.920807,48.85886
59.913612,55.86211
59.896778,55.530918
59.887943,59.637722
59.874138,57.35236
59.868084,54.322334
59.801472,45.498779
59.764832,55.694027
59.719387,59.58564
59.658028,45.52314
59.612167,54.816917
59.602585,54.300888
59.55925,57.799805
59.501804,59.200359
59.49189,57.445915
59.419556,58.764278
59.41925,56.423637
59.405388,46.734112
59.373055,56.074223
59.358112,53.35075
59.328529,45.852859
59.308167,56.328804
59.253387,59.496723
59.200722,53.667973
59.183109,55.561359
59.160084,46.718834
59.142445,54.494221
59.125832,54.169056
59.112946,46.137249
59.079777,49.551945
59.07439,58.788971
59.042221,50.27161
59.009861,59.599998
58.994888,55.519028
58.940498,55.051834
58.929668,45.979443
58.904694,56.742863
58.888916,48.307499
58.888557,49.054943
58.86264,53.251915
58.795418,59.352695
58.771194,55.366528
58.769585,57.553139
58.745918,57.687027
58.74136,59.107555
58.726307,56.831779
58.724693,54.69278
58.699833,50.809444
58.692471,55.0415
58.684776,57.645584
58.683056,48.303082
58.681835,47.391556
58.659332,53.437778
58.64164,58.246639
58.631054,56.964611
58.617863,50.338696
58.570694,48.177029
58.553806,57.45961
58.507473,47.689278
58.499443,51.203362
58.481388,54.532722
58.481224,54.078804
58.474445,58.656666
58.462833,49.26289
58.448055,56.678112
58.441387,50.235279
58.391029,55.05225
58.356861,56.235027
58.261055,47.813862
58.232582,53.183418
58.220528,55.301167
58.181835,55.951557
58.180557,56.590168
58.155529,45.582359
58.143917,57.409473
58.101223,49.914444
58.086666,55.856918
57.976444,57.118
57.873585,47.886307
57.830002,55.144779
57.825527,50.737362
57.825001,48.277473
57.806221,56.376804
57.782528,56.89389
57.733112,54.220585
57.721973,48.708248
57.686474,48.305805
57.672974,55.170166
57.634335,53.020027
57.630001,59.023304
57.610916,57.300888
57.603554,55.337082
57.594776,58.681084
57.558304,55.685749
57.556252,54.932251
57.506779,50.501583
57.483971,59.499779
57.43214,56.322445
57.414307,49.509418
57.403778,55.96664
57.394554,50.025612
57.3615,54.419083
57.352165,52.644501
57.336971,59.243584
57.329224,55.58147
57.309055,57.637138
57.281418,50.031723
57.255554,54.355694
57.213444,51.617085
57.20311,48.194305
57.201473,58.940388
57.19603,49.529221
57.19278,56.054222
57.086861,54.48103
57.081085,55.303722
56.968056,55.242695
56.967777,58.854668
56.956749,45.829639
56.955891,45.617001
56.950974,49.980026
56.926109,49.597057
56.925556,47.887806
56.871082,46.438721
56.864193,50.405361
56.855389,57.413502
56.854137,56.311222
56.824554,59.542889
56.822582,50.561974
56.822109,45.115139
56.786415,46.862389
56.784752,49.612083
56.758389,48.473972
56.758278,54.925529
56.737194,56.170029
56.715668,46.473862
56.606861,55.313526
56.5555,55.577778
56.504917,54.874779
56.492168,52.686138
56.472137,59.109585
56.396305,55.108471
56.33289,58.192196
56.229752,54.539665
56.226444,51.955444
56.222363,49.262554
56.219112,57.310055
56.209526,56.238804
56.176167,47.633446
56.126057,49.191387
56.123943,48.020111
56.075054,53.146416
56.068054,53.867474
56.053612,53.415859
55.981529,48.783527
55.882694,53.111473
55.860363,53.496498
55.810585,45.026833
55.806305,46.817554
55.73336,47.669861
55.703415,59.711029
55.619946,55.589195
55.599609,46.839943
55.528557,53.49461
55.517887,48.984722
55.4725,53.878944
55.464195,59.453724
55.450943,48.358196
55.416443,56.553501
55.370556,56.047611
55.307415,47.033417
55.228584,45.028694
55.209026,48.492832
55.192749,47.048054
55.174778,51.400166
55.078918,46.848083
55.044834,49.415722
55.003666,53.298389
54.983971,49.326111
54.925056,47.660862
54.572109,59.952694
54.45536,46.301472
54.452862,58.466583
54.391083,47.838055
54.097527,46.417221
54.044777,47.114277
54.027054,48.303749
53.745861,59.880112
53.601082,45.683472
53.597111,46.262138
53.525082,57.693279
53.5205,46.981445
53.516724,57.541916
53.481998,46.449974
53.435028,59.603027
53.430473,55.259193
53.373333,48.014057
53.353806,52.80389
53.309166,58.318027
53.174305,55.187389
53.152168,47.520863
53.137306,45.901222
53.122776,48.239582
53.120834,47.198891
53.115471,48.814919
53.102333,46.821804
53.101082,57.436554
53.086666,48.348862
53.078667,45.680305
53.02314,45.955082
53.022915,58.730141
52.93314,52.034889
52.913918,48.41861
52.873554,46.484859
52.852638,48.35936
52.815304,45.046417
52.790749,46.715889
52.776611,49.187054
52.767471,59.216473
52.698055,55.810501
52.680363,54.414249
52.630249,57.488777
52.615612,45.800415
52.564056,54.03236
52.512028,59.697613
52.460499,46.634277
52.454639,56.136944
52.452583,55.155918
52.398529,47.557362
52.367668,52.336361
52.346527,50.57975
52.340363,57.880917
52.277557,47.215168
52.217194,54.935749
52.163307,51.830776
52.162418,50.089722
52.14436,51.015804
52.142113,56.826305
52.116165,47.197304
52.084835,45.134972
52.076557,48.410194
52.074333,52.866585
51.98164,46.503387
51.947807,55.182583
51.942749,51.702221
51.900249,45.961388
51.894306,45.071835
51.887196,56.00275
51.817223,46.38728
51.812305,53.403641
51.770721,52.748917
51.729694,47.661278
51.699249,51.272388
51.667305,50.090305
51.664585,49.176693
51.651054,50.397057
51.628555,56.58889
51.587276,51.477165
51.564083,48.515362
51.563499,55.943527
51.519806,50.255833
51.514862,47.822445
51.429306,54.231194
51.403999,49.908085
51.39761,56.412693
51.354584,53.694363
51.230415,47.502972
50.973862,54.453972
50.949223,48.299194
50.861721,59.344971
50.817612,46.378056
50.80825,49.119221
50.690834,45.419304
50.489887,48.305363
50.474693,45.458946
50.287445,45.780224
50.204777,48.556194
50.197971,46.665638
50.012474,48.19186
49.974861,47.200916
49.919971,47.11972
49.913418,46.056526
49.741749,46.845028
49.670696,45.745361
49.652332,46.304585
49.238224,45.647335
49.130028,46.484917
49.076916,45.303917
49.057751,45.562611
48.927971,45.591526
48.440918,45.551445
48.402668,45.275444
48.318333,45.591526
48.187889,45.464668
48.182529,45.016582
48.13736,46.292889
48.039165,45.218224
47.905777,46.535
47.852196,45.418304
47.803944,46.717918
47.718361,46.882252
47.670776,46.4655
47.660973,45.750195
47.544472,45.253113
47.526001,47.115612
47.478054,45.980751
47.459084,46.814335
47.407249,45.682888
47.405998,47.846554
47.345085,45.194
47.339085,46.946945
47.326752,45.331696
47.287693,46.263638
47.248196,48.094223
47.247749,48.412304
47.232918,45.396946
47.172806,47.446083
47.138443,47.638279
47.092224,47.206139
47.083332,45.490891
47.033222,47.799416
47.01614,46.595028
47.010029,47.322723
46.888584,47.535557
46.873665,47.933224
46.861137,46.276669
46.841141,46.931526
46.819473,47.62711
46.584389,46.218807
46.476082,45.048779
46.466026,47.95636
46.431835,48.835583
46.397278,45.352806
46.366001,46.000111
46.337196,48.193279
46.306915,46.677891
46.236221,48.191139
46.146,48.320168
46.126945,45.107723
46.124889,47.662582
46.119751,47.13028
46.02253,45.912613
46.017666,48.606251
45.946751,45.212471
45.918415,46.161304
45.84903,48.117805
45.798248,45.62064
45.606388,47.420887
45.591167,45.686695
45.570946,47.154583
45.459221,46.277416
45.428638,46.850613
45.425415,46.538113
45.422779,45.877529
45.252666,45.808472
45.135834,45.178223
45.089443,45.458832
45.083138,46.958752
59.909637,60.610306
59.893139,61.675304
59.8885,65.814781
59.860695,69.788696
59.824276,63.175415
59.821415,68.803864
59.783527,60.489388
59.763443,73.233582
59.709751,65.330887
59.696888,68.623474
59.664833,69.475365
59.646694,62.108944
59.598057,62.563915
59.541557,61.39275
59.529556,70.39975
59.512611,70.865974
59.470333,69.07428
59.453499,60.0135
59.452805,73.390862
59.387085,71.021942
59.349724,61.853889
59.254391,73.950859
59.249443,63.465832
59.241833,62.700138
59.223446,61.369389
59.091526,68.930084
59.090137,63.310055
59.086418,63.71661
59.052917,62.239498
58.96125,69.222809
58.961082,63.745998
58.9245,72.352837
58.898277,68.607445
58.886112,64.033333
58.846527,72.554832
58.790333,67.301392
58.7845,65.089058
58.752724,62.397556
58.717251,68.673111
58.639862,67.957085
58.614918,71.884552
58.550915,63.02589
58.514778,62.460335
58.506805,64.778336
58.49086,68.406082
58.468613,62.589027
58.446888,65.693916
58.42025,68.388832
58.412083,67.449974
58.409222,63.254665
58.352028,64.348358
58.291668,68.067528
58.211498,62.039307
58.201084,63.002777
58.179195,69.732109
58.120998,68.666252
58.042805,68.588448
58.041862,69.09272
58.041832,69.596336
57.960609,68.078781
57.948029,62.497391
57.933556,67.218781
57.903305,72.461807
57.90136,71.034889
57.881248,70.61058
57.873833,69.126251
57.824085,64.730194
57.816029,62.87125
57.796307,73.862198
57.792137,69.660583
57.781277,67.108414
57.775665,62.466141
57.770748,70.693726
57.766056,74.036781
57.730862,72.543503
57.711388,61.858082
57.702446,71.733475
57.655277,69.161919
57.651779,69.76078
57.643082,65.635025
57.621223,73.383781
57.619446,63.363251
57.601944,72.378693
57.556583,66.178917
57.556526,74.157249
57.553638,62.323307
57.541306,71.866531
57.532276,63.875862
57.53175,72.539085
57.497971,71.190224
57.45364,61.158443
57.447834,68.247559
57.413113,60.692528
57.408943,72.776253
57.408585,67.053642
57.370998,74.219803
57.359585,74.736526
57.358723,70.118248
57.357388,73.50425
57.313473,62.567081
57.248833,74.263748
57.247612,66.784836
57.242306,71.745003
57.233196,73.46328
57.189724,69.133415
57.166279,74.886192
57.164749,72.401054
57.133167,60.139194
57.130859,70.781364
57.120556,74.15242
57.118111,61.387833
57.092972,73.066887
57.086918,62.456917
57.057861,62.892334
57.056332,68.93425
57.044971,67.75547
57.043388,63.475834
57.039139,74.715752
57.03297,66.670998
57.028446,70.345108
56.91478,69.267387
56.89175,73.862251
56.860332,68.630363
56.838223,66.725197
56.822777,70.837059
56.785889,72.148193
56.776554,72.768639
56.773251,70.164719
56.753277,71.524864
56.727665,74.883583
56.718029,74.113029
56.695446,73.217003
56.68689,74.651276
56.68222,65.032524
56.661556,70.644196
56.657639,65.63736
56.655945,64.716835
56.655445,65.369667
56.61861,74.558304
56.614693,73.932083
56.612473,63.687527
56.590889,71.905975
56.573639,73.158691
56.572418,65.531387
56.551056,72.505302
56.529415,72.741447
56.496693,71.23333
56.496193,74.857475
56.490082,66.91539
56.48439,64.246056
56.437916,73.97747
56.425388,69.186554
56.417721,74.676888
56.389027,72.668251
56.369862,73.394722
56.349888,70.95533
56.327332,64.532082
56.320168,69.757751
56.303196,74.328636
56.292446,68.926918
56.29039,70.713303
56.252029,71.541832
56.249111,63.883751
56.242527,73.142441
56.226665,73.939781
56.205276,72.943802
56.195168,72.593582
56.178722,68.458809
56.169361,67.258392
56.158138,66.461693
56.1325,70.648361
56.115417,72.435081
56.095779,64.360695
56.090168,65.938026
56.088085,74.625893
56.084446,73.581863
56.072388,69.071861
56.062084,62.634804
55.946693,63.032722
55.935696,70.136024
55.890751,66.304779
55.869083,68.707108
55.854279,74.229858
55.831612,70.944359
55.799057,68.312943
55.639305,69.225975
55.554001,63.768612
55.551418,64.330444
55.527637,70.803391
55.479637,68.600113
55.445251,67.732109
55.384583,71.889664
55.376278,74.630608
55.315807,70.562614
55.253918,70.08683
55.183029,71.469109
55.120609,64.515724
55.032585,65.174141
55.026722,71.61203
54.908279,71.259331
54.87989,66.59272
54.814751,71.786163
54.799667,62.151501
54.778526,73.94297
54.691055,63.839474
54.6525,71.328781
54.644001,74.633499
54.619167,60.6745
54.49128,61.866165
54.290501,71.345779
54.233055,62.529999
54.205528,74.064278
54.194389,72.318138
54.071751,60.410557
54.070946,74.944473
54.046722,62.003056
53.761471,74.589081
53.144749,61.688137
53.119499,60.378139
53.030613,62.005585
52.706501,60.23
51.171471,60.13361
51.10928,60.898277
50.819946,60.848026
59.972389,77.270248
59.881779,81.57267
59.842278,79.160805
59.773418,80.972946
59.769527,78.825806
59.720112,80.636528
59.709835,79.103973
59.68211,89.894669
59.66761,79.834587
59.512249,80.381111
59.489056,79.391609
59.469196,79.935638
59.430305,79.765724
59.410526,82.955444
59.386696,79.662781
59.37336,80.304749
59.364971,82.818527
59.334972,80.504166
59.2005,78.601776
59.189445,78.205002
59.160278,76.199081
59.156666,77.778893
59.15461,80.576416
59.147472,77.391693
59.126251,80.772636
59.119221,81.289276
59.111946,89.24192
59.070805,76.684303
59.048584,79.451637
59.048248,82.151581
59.039665,79.237778
59.030693,89.335892
59.011002,81.363998
58.996361,78.460892
58.989113,80.548889
58.985806,79.541473
58.977612,81.581192
58.960609,79.53936
58.959667,80.010696
58.937195,80.396416
58.917641,80.97467
58.886971,76.704361
58.874611,87.760582
58.853195,81.121475
58.811668,83.13858
58.790249,87.858971
58.762054,81.808083
58.761612,81.315666
58.735222,87.133141
58.720306,84.494026
58.684528,86.548553
58.679054,81.087585
58.645027,86.767281
58.642887,82.030052
58.63311,79.384109
58.617001,83.582054
58.611752,86.088028
58.596333,82.575996
58.584415,76.502502
58.579777,81.080582
58.5755,79.442108
58.565666,85.198692
58.554417,85.679169
58.533195,81.731445
58.532696,80.847252
58.502998,80.662003
58.481445,82.118721
58.472416,85.544914
58.460056,84.094833
58.458138,79.449776
58.452057,84.728668
58.444168,82.802864
58.426167,80.554054
58.392166,84.720337
58.387333,84.1045
58.382637,84.591774
58.354137,84.265587
58.349693,82.40667
58.332222,81.433609
58.310471,79.347778
58.309582,81.710251
58.284668,81.314224
58.284306,80.580559
58.254501,80.126419
58.243694,82.414612
58.230278,76.605553
58.21389,76.063248
58.199528,80.633003
58.130665,81.760391
58.126945,80.579865
58.123974,82.805809
58.120861,79.963142
58.104389,83.249809
58.069195,82.829941
58.06411,81.450531
58.048195,81.340416
58.046555,82.463722
58.046528,80.587723
58.026474,76.256615
58.023972,83.389191
57.92775,78.808388
57.884193,77.135193
57.873585,83.192665
57.859612,83.501335
57.856194,86.34008
57.852779,84.876167
57.849777,84.513168
57.844639,80.189392
57.842224,86.061668
57.825722,81.54364
57.760723,80.970222
57.720833,78.940109
57.710583,87.91436
57.71022,83.904198
57.688026,81.01133
57.678833,83.298615
57.654694,80.392166
57.646778,79.701942
57.639805,77.422363
57.61636,85.704193
57.612446,87.421249
57.611889,82.309586
57.570805,85.478165
57.562695,86.40567
57.545696,82.910858
57.52636,87.304085
57.526085,87.392197
57.514194,83.418526
57.506695,79.728638
57.492863,83.821663
57.492779,81.031723
57.483501,79.387802
57.469749,86.838837
57.466362,83.344749
57.462334,76.406387
57.454807,77.382774
57.446861,78.364365
57.426056,89.312469
57.412304,75.10186
57.404388,80.927361
57.38686,79.65522
57.328888,79.123779
57.322388,81.931274
57.303528,83.479309
57.298248,80.684303
57.297668,79.201111
57.247444,78.965027
57.239613,87.872192
57.21986,84.413109
57.213165,82.981941
57.207027,87.397247
57.183693,84.047302
57.156055,84.114754
57.155224,78.642639
57.150723,86.100304
57.12775,85.624336
57.127167,86.616196
57.125111,88.750504
57.105888,87.233414
57.094696,83.88839
57.07122,76.986221
57.057667,88.132141
57.028946,84.242363
57.018417,75.871834
56.977501,84.075165
56.970722,85.350113
56.948334,86.932281
56.939167,76.320915
56.935055,80.627777
56.934723,80.986252
56.932919,75.727364
56.928806,89.356529
56.885834,86.814392
56.881027,86.186249
56.855305,76.659836
56.853306,84.366806
56.817833,78.194664
56.813778,77.30825
56.812889,84.648247
56.794304,80.885696
56.77953,76.44397
56.776611,76.918976
56.768917,78.419334
56.756584,81.281334
56.734749,78.71167
56.720196,77.923775
56.717693,78.265976
56.700443,83.564056
56.697777,86.799278
56.642666,85.96817
56.62011,77.501114
56.618279,83.959335
56.601776,87.207253
56.592083,75.902779
56.591362,78.29808
56.590195,87.069664
56.589222,89.888885
56.575165,76.941833
56.562973,84.553474
56.53653,88.316971
56.532166,89.31675
56.526638,88.947861
56.524612,85.561363
56.521641,87.457359
56.519474,87.33342
56.483028,84.866333
56.469944,86.554108
56.460667,77.120277
56.45303,79.193886
56.450054,76.200027
56.435165,86.808998
56.426807,87.127167
56.404583,86.104584
56.390362,75.853668
56.378502,75.237167
56.369278,77.917252
56.367779,84.087082
56.363861,75.683441
56.350639,87.62561
56.34375,75.435944
56.323833,88.926529
56.309917,83.429886
56.303612,89.163864
56.295418,76.471085
56.294498,88.42675
56.257416,86.024223
56.256248,84.971832
56.213779,79.363747
56.213028,88.123222
56.196056,82.621307
56.175667,78.662308
56.165554,87.235695
56.160168,80.417274
56.146641,77.453476
56.125252,76.514473
56.114056,84.238808
56.107361,86.165726
56.097332,85.497696
56.08886,83.594444
56.067612,78.831337
56.060833,75.736641
56.054863,86.881226
56.04697,81.89492
56.035583,84.648613
56.034527,79.430168
56.030472,80.393608
56.027863,87.606941
56.022999,89.859749
56.016777,77.064804
55.921944,77.103142
55.894554,84.795059
55.870445,75.084198
55.665585,77.617332
55.64114,77.028778
55.626778,81.307472
55.615444,76.383614
55.567665,89.994446
55.549557,80.06736
55.386223,75.728416
55.272446,85.188248
55.131973,83.918777
55.084526,77.835808
55.024612,76.638
55.020027,88.48983
54.939529,75.828857
54.879002,77.30117
54.847195,80.244888
54.793751,79.101974
54.78297,81.886833
54.715195,79.766998
54.647499,77.056694
54.64539,88.634552
54.644222,76.042641
54.638195,80.248253
54.636723,77.363777
54.564083,75.312141
54.537361,82.581085
54.497555,83.424332
54.477859,82.433136
54.41114,75.057747
54.406944,77.974167
54.334805,87.434387
54.149555,83.710999
54.124584,81.622887
53.910641,77.062584
53.838528,85.202637
53.627029,79.532112
53.616501,89.477913
53.614166,77.538948
53.526306,82.060555
53.447971,89.513748
53.409557,82.61364
53.26236,89.559502
53.231335,86.710526
53.218613,84.419525
53.19611,86.431946
53.116028,89.953026
53.008278,79.962975
52.949417,88.821136
52.828362,88.44886
52.813416,89.436501
52.804527,89.88308
52.64175,79.236641
52.331696,89.821335
52.256306,87.117081
52.028057,86.900414
51.941723,82.704918
51.922501,87.65197
51.76511,86.691833
51.758888,81.592857
51.735363,89.595779
51.554359,85.165222
51.483501,89.475388
51.392082,79.793358
51.312084,82.55217
51.283417,89.76342
51.207638,83.762749
51.197361,81.190529
51.150166,83.019028
51.016724,86.243614
50.946751,88.165802
50.943974,80.099083
50.854752,82.447388
50.834251,88.56192
50.797333,84.801582
50.767307,88.036613
50.75425,86.13414
50.643139,87.950638
50.629555,88.751419
50.530304,88.257416
50.395527,85.113441
50.31736,87.60778
50.169388,85.955643
50.052166,89.866142
50.050861,89.226196
50.039665,88.500473
49.992943,88.648224
49.984306,88.194664
49.923584,89.000359
49.917278,88.784637
49.732113,89.19339
49.703388,87.420586
49.319778,87.888138
59.961613,93.607697
59.915611,90.638031
59.859085,93.329445
59.785168,93.494141
59.66325,90.834389
59.623138,103.332527
59.508415,90.920998
59.381168,93.371193
59.378693,99.747002
59.328529,91.205475
59.284527,93.836998
59.263416,94.60511
59.184223,93.98278
59.114334,93.457191
59.086529,104.069748
58.980694,91.79892
58.970638,101.872948
58.947472,99.001335
58.907001,94.024246
58.87064,100.991753
58.852806,93.043114
58.852779,102.365669
58.838165,91.747139
58.794834,97.219086
58.784027,94.662003
58.762085,102.672997
58.686417,100.667137
58.670055,98.953224
58.669693,94.248337
58.644833,98.746086
58.594334,92.10675
58.576305,97.036247
58.562279,94.706917
58.55336,95.857864
58.521999,100.461998
58.493889,96.839249
58.493637,99.765694
58.484055,96.289413
58.453861,95.453331
58.427193,98.425163
58.410778,94.608086
58.410446,102.825836
58.400196,98.038559
58.378056,97.472862
58.348389,91.841637
58.348194,99.961891
58.326057,100.018059
58.313526,95.181526
58.296471,100.330582
58.179668,90.882637
58.11375,104.22464
58.103748,98.994469
58.094471,94.532196
58.08939,93.756416
58.069168,93.029724
58.048111,91.898697
58.047749,100.624969
58.01511,94.105888
58.005249,99.152443
57.950527,92.382614
57.901749,102.797363
57.820778,91.458252
57.814888,92.172081
57.767502,94.641281
57.695446,93.272667
57.675777,99.203529
57.662418,99.550392
57.616444,91.352448
57.594276,92.865196
57.573112,100.920197
57.520557,93.203857
57.509335,99.753281
57.492805,91.398865
57.475639,94.761223
57.445221,97.521667
57.420055,90.218361
57.398499,94.764305
57.391693,92.904274
57.3745,96.643585
57.373222,93.695274
57.346054,90.540276
57.318916,93.150642
57.309807,92.02861
57.301666,91.184219
57.268276,103.748474
57.225777,94.517555
57.220444,90.08886
57.198723,96.418388
57.174194,96.889893
57.162251,102.287918
57.161583,98.446304
57.158279,93.161751
57.139832,93.562584
57.132832,99.187889
57.12886,103.944695
57.123779,90.975586
57.116943,90.564331
57.107693,95.737892
57.063835,93.458809
57.027832,92.834915
57.011307,95.119698
56.947666,91.44178
56.922443,95.499474
56.887001,103.545135
56.859859,96.226387
56.842834,104.925247
56.832474,94.591614
56.831528,95.906639
56.792168,90.676308
56.781387,91.136581
56.766109,97.939415
56.742554,90.433304
56.719002,93.139862
56.679054,104.649498
56.671917,93.579193
56.665749,91.486557
56.66486,96.363892
56.655388,95.070999
56.646721,98.165306
56.645832,90.574028
56.612556,101.798386
56.606415,95.641304
56.585415,101.441002
56.569527,98.386223
56.568832,91.963333
56.560417,102.438004
56.555611,90.247139
56.546722,90.903305
56.546722,97.705864
56.521557,96.030441
56.495472,93.278275
56.489834,98.914474
56.479057,92.753418
56.464359,103.474419
56.431499,95.23175
56.424221,90.390831
56.423389,96.577469
56.417583,96.960976
56.4105,103.962975
56.406612,90.376305
56.403473,103.128525
56.387474,99.011864
56.253307,100.434914
56.240749,90.009941
56.2085,92.328392
56.202946,95.469612
56.201168,96.392334
56.197056,102.846497
56.194363,104.066666
56.190193,100.888
56.145584,98.236359
56.142139,102.658279
56.129196,102.345886
56.117279,101.604614
56.10511,92.23661
56.103584,94.587944
56.096111,91.042503
56.083363,94.946831
56.078918,101.25647
56.073471,91.696999
56.046612,94.633804
56.032665,104.12664
56.024834,95.487831
55.983471,97.913612
55.979416,101.278252
55.945583,103.016891
55.943138,95.154526
55.918804,94.786469
55.913528,104.078331
55.873222,102.081665
55.872776,93.974998
55.871807,91.099113
55.832165,103.992416
55.825474,92.206642
55.813446,93.676552
55.807167,103.114388
55.794666,94.797775
55.786194,95.554749
55.753723,99.506058
55.726082,98.656693
55.718445,93.762474
55.718029,98.378304
55.717415,97.696442
55.696945,90.053581
55.669418,94.740913
55.608387,99.514725
55.595306,102.302666
55.576805,103.931747
55.522083,102.381836
55.520195,93.771751
55.470585,103.219559
55.459999,101.375557
55.433193,99.393639
55.425388,100.915253
55.424557,103.834663
55.422779,101.809723
55.412193,102.314697
55.40461,93.647308
55.393749,90.708809
55.368084,98.635193
55.362667,91.251419
55.343472,101.14653
55.307056,99.544136
55.301277,97.897469
55.292221,103.726028
55.289112,94.331192
55.250389,92.888054
55.24239,103.321976
55.208332,103.376419
55.111027,100.583809
55.103279,100.878029
55.103027,99.383224
55.078415,101.04628
55.020973,102.053253
54.967361,99.202141
54.958721,100.943779
54.939999,94.696587
54.938278,90.19622
54.934166,98.819221
54.880306,100.562805
54.824306,103.094254
54.820526,100.814392
54.81786,99.74292
54.788502,90.395081
54.785583,99.324997
54.752945,101.395554
54.738445,99.898804
54.715752,98.227417
54.679554,91.687859
54.66114,101.54686
54.660889,99.184448
54.648693,103.242302
54.646584,93.396637
54.624668,99.292274
54.519444,91.283607
54.511971,97.868835
54.424057,96.356445
54.413555,104.705414
54.404362,93.60672
54.40361,100.479469
54.398304,100.746109
54.377224,102.905167
54.359585,99.682915
54.349361,96.704865
54.327915,92.619499
54.308918,96.239365
54.262585,104.641502
54.254971,100.230782
54.250751,90.621391
54.231609,100.667198
54.220028,90.839668
54.218361,101.10939
54.213444,102.967834
54.158279,90.221725
54.138054,99.576836
54.128056,101.226669
54.095806,93.276108
54.078335,100.585052
54.076611,97.383667
54.010834,97.485947
53.953583,101.080055
53.94511,103.648224
53.912361,99.891388
53.87661,103.322197
53.852749,91.371475
53.838223,90.260887
53.739555,103.379196
53.703918,90.382584
53.688057,101.31636
53.634777,101.148247
53.627998,103.828224
53.564751,103.710251
53.541805,102.134636
53.51186,103.097054
53.449585,104.870918
53.355499,103.126526
53.342609,90.941666
53.26553,102.820335
53.258667,104.979698
53.246056,103.810944
53.206249,102.222168
53.084667,103.767586
53.065304,102.533165
53.042221,104.869614
52.986832,104.715889
52.839169,100.055664
52.760971,97.411942
52.681332,104.798309
52.670193,95.513916
52.576527,96.028137
52.575668,93.442642
52.550915,103.079277
52.508221,99.824249
52.494862,94.92308
52.474609,96.110054
52.472832,103.929695
52.458946,104.391418
52.458916,104.227776
52.445583,96.236809
52.369694,93.203224
52.369694,100.739555
52.332527,103.396057
52.323612,100.167969
52.281055,104.46553
52.201027,103.936974
52.189556,103.260864
52.110306,103.709274
52.107834,100.380859
52.07436,103.812584
51.959946,93.630249
51.911835,96.346359
51.908165,92.713669
51.876945,104.794136
51.876915,94.255196
51.861862,104.861389
51.782333,103.242943
51.780666,103.000114
51.769833,90.682915
51.73428,103.435249
51.711971,93.52317
51.691696,93.185143
51.675999,100.984665
51.670082,102.108444
51.659389,94.84272
51.64436,96.255859
51.602196,92.805611
51.598694,93.061279
51.578194,95.167862
51.568748,91.474472
51.546391,95.349945
51.464748,98.044861
51.44664,93.045166
51.414471,94.755775
51.413166,95.655586
51.345444,96.519974
51.341251,95.932281
51.332722,96.254669
51.329082,92.815193
51.299252,93.92939
51.299194,90.971642
51.292389,95.758003
51.254696,90.300804
51.234722,90.533363
51.229,91.729668
51.222946,90.703888
51.178165,93.400444
51.16761,91.049942
51.117249,90.400803
51.04089,90.104164
50.999554,95.296364
50.994888,90.842697
50.916695,90.054665
50.820499,92.678276
50.805668,92.937637
50.758278,92.027473
50.741165,94.399139
50.735027,103.189613
50.646584,95.316971
50.588112,97.193169
50.53389,104.973053
50.509304,94.611275
50.508251,94.336586
50.494694,91.319862
50.436974,103.575279
50.391666,103.89978
50.382221,90.441277
50.369194,103.283417
50.297749,95.093864
50.252666,95.157997
50.195389,95.566887
50.174416,94.721558
59.964779,119.912277
59.940777,118.891975
59.934166,117.594643
59.89539,117.586609
59.87714,112.559753
59.794361,118.470886
59.791416,117.995529
59.739193,113.18425
59.69389,118.281891
59.642445,112.722862
59.506668,106.758057
59.469276,119.300392
59.466084,111.528694
59.440971,111.700279
59.432083,112.539253
59.312973,106.348389
59.271194,112.409615
59.270584,107.94603
59.247581,108.264809
59.222305,119.390419
59.201611,117.035774
59.195999,112.026253
59.149166,108.346222
59.047749,119.80217
59.006668,116.914749
58.945362,111.331139
58.860249,112.894775
58.796276,116.651337
58.772251,107.0215
58.768002,118.110947
58.660362,110.41925
58.650917,110.856697
58.635361,110.035248
58.622833,115.130859
58.622196,117.265976
58.606834,116.453804
58.605026,110.154198
58.508835,109.774086
58.457722,115.280197
58.417,115.9795
58.315277,107.65239
58.308361,112.879608
58.25436,109.151276
58.252724,105.876221
58.215168,113.172081
58.17939,109.344803
58.160027,114.61692
58.060055,112.871529
57.992111,108.557114
57.969501,107.830803
57.968945,112.756058
57.865391,114.889694
57.832695,114.967751
57.814777,114.015388
57.789307,114.67411
57.740665,115.254501
57.634109,111.731056
57.562,107.722832
57.55986,112.489891
57.546001,115.694191
57.504002,116.554138
57.475613,107.843445
57.4715,115.306221
57.380638,107.544281
57.343113,107.917084
57.315861,107.092445
57.238724,107.347504
57.191166,116.441193
57.167973,108.218529
57.076694,118.821419
56.990582,106.195198
56.967224,118.325531
56.913055,118.250862
56.888916,108.178413
56.865166,106.113358
56.80022,105.325691
56.755417,106.503502
56.746307,111.984947
56.698582,107.908363
56.676834,105.796501
56.6105,106.291809
56.588306,118.52636
56.579166,115.689476
56.460251,106.26561
56.44714,115.624969
56.444305,107.761307
56.395027,115.621696
56.363029,114.640747
56.300556,105.759781
56.289722,111.992165
56.270805,111.870583
56.262333,107.584747
56.058193,107.708885
56.045139,105.872559
56.041889,115.560219
55.929306,111.778198
55.928112,119.61692
55.878193,105.792778
55.867863,107.814056
55.806946,115.714111
55.801445,115.432335
55.612251,105.600891
55.598835,109.268776
55.579693,111.436806
55.496723,113.63311
55.354752,105.464554
55.323112,109.166191
55.26189,113.146751
55.141472,105.201141
55.131443,112.899055
55.126141,119.803642
55.049805,116.829247
54.903778,105.642441
54.88625,111.152863
54.846416,113.395164
54.836224,113.068863
54.741501,105.205696
54.732971,118.872696
54.662724,105.673859
54.496807,107.124695
54.448387,113.583664
54.432777,106.204002
54.425724,119.925636
54.425694,111.369331
54.392807,113.554138
54.383862,110.449532
54.382557,110.718056
54.367279,106.80761
54.318554,118.357246
54.288166,114.283531
54.223946,112.372643
54.201195,111.914886
54.193722,106.303864
54.131248,119.361305
54.093029,105.53936
53.926109,105.882278
53.834721,110.346054
53.823582,109.917419
53.766361,114.222885
53.757721,106.623001
53.708084,119.127357
53.681168,113.213364
53.678196,116.578362
53.634972,107.593529
53.557251,119.31147
53.509777,109.365555
53.263138,108.740723
53.220695,112.793282
53.218807,107.411308
53.178028,115.834221
53.124111,113.620308
53.106861,119.205559
53.048832,112.284164
52.949333,108.217667
52.939999,105.20417
52.915112,116.622169
52.906918,111.996971
52.849609,117.968834
52.845554,106.062691
52.778305,119.571724
52.746277,105.048836
52.609306,105.742386
52.554138,115.115913
52.496193,109.207779
52.487305,108.007751
52.476971,111.093559
52.410751,113.253082
52.358723,110.400002
52.308224,112.388107
52.295666,105.315697
52.232471,119.114861
52.216026,112.954834
52.140415,109.205444
52.136166,113.494225
52.056667,118.823997
52.03389,105.401276
51.978333,117.65036
51.874584,116.075775
51.838028,118.527641
51.772804,115.86467
51.748638,109.274193
51.719971,116.297195
51.69389,119.461166
51.679695,108.719833
51.652943,117.551414
51.598999,109.580475
51.544304,105.127892
51.44611,113.782219
51.355,115.461861
51.35228,119.891113
51.180138,116.629692
51.01614,107.639641
50.937111,117.480698
50.864834,117.709862
50.851501,117.365417
50.830418,105.736443
50.800529,106.44136
50.769943,117.272057
50.766056,113.800415
50.756638,117.157806
50.743721,105.830307
50.695751,117.087196
50.666832,107.248497
50.662277,117.906441
50.661446,114.189278
50.601971,106.774475
50.579777,115.400391
50.562778,118.83197
50.556026,109.577698
50.552502,114.922974
50.525139,117.801498
50.520473,114.559418
50.516445,114.117775
50.515804,115.126221
50.491501,114.652115
50.471611,105.640999
50.466,114.1595
50.403999,113.276726
50.394112,117.889694
50.381863,116.833832
50.370304,117.610306
50.360085,115.551865
50.34639,114.421196
50.300556,107.041527
50.293251,110.761108
50.266388,106.909615
50.264832,115.320641
50.200638,107.049553
50.188641,108.316635
50.107029,113.620697
50.090721,112.978752
50.078918,117.055359
49.89864,111.880554
49.853748,112.753166
49.840973,110.469025
49.83189,118.397247
49.745529,118.247581
49.58136,117.829865
49.510418,111.510918
49.465832,108.866974
49.449249,111.30764
49.284306,110.44236
59.990776,130.402451
59.957916,130.413864
59.874527,132.585663
59.672333,133.300217
59.645668,133.121216
59.642582,127.105751
59.472752,121.314056
59.253307,125.2855
59.20314,126.597832
59.190083,131.883057
59.020805,123.069031
59.020332,121.747719
58.990223,122.947777
58.962471,123.012108
58.939056,131.195465
58.922054,125.153358
58.915306,134.78714
58.908501,125.816582
58.778584,134.239975
58.763195,125.490891
58.751778,130.616394
58.745083,126.39222
58.675056,128.514587
58.642776,130.23616
58.591557,125.430748
58.588085,134.282303
58.529583,125.737892
58.509556,126.701195
58.497223,125.492027
58.464306,126.809944
58.457001,125.883583
58.259029,126.317528
58.078777,123.71328
58.0415,125.481972
57.832779,131.049728
57.805279,127.939476
57.7985,128.183777
57.706055,128.209106
57.670444,125.213058
57.622555,126.11528
57.460693,132.54567
57.381222,124.89592
57.36628,131.212357
57.343529,124.227531
57.310196,121.488358
57.270248,132.824051
56.862057,125.970558
56.848862,124.886414
56.674389,124.663635
56.598194,121.422142
56.56778,121.884277
56.561028,121.589111
56.54089,124.802666
56.487862,133.279968
56.292305,129.965912
56.225277,124.840584
56.039333,125.432419
56.022499,125.128441
55.942165,124.915138
55.686359,124.777222
55.599609,124.914444
55.424889,120.548805
55.308083,123.154388
55.173084,122.573944
55.017418,126.792946
54.862888,124.381836
54.825722,126.614891
54.70586,128.857224
54.621445,127.864807
54.336613,124.571167
54.274723,126.633057
54.137833,124.660332
54.132832,124.897057
54.077389,122.605942
54.045055,121.300331
53.960667,129.141785
53.72625,120.474113
53.684944,121.528
53.634445,126.686249
53.630527,122.835197
53.51289,121.250504
53.496777,126.27903
53.482861,126.463417
53.478474,123.893112
53.462055,122.398277
53.282276,127.992859
53.268417,127.140862
53.203972,125.041306
53.156639,124.750778
53.129417,127.349747
53.049751,132.289673
52.964832,133.608078
52.901417,125.760498
52.89175,127.724281
52.881168,133.425217
52.809807,127.79039
52.793194,131.722885
52.787304,125.98539
52.761501,132.562775
52.573277,131.112396
52.569332,127.837753
52.468971,130.817642
52.461666,126.960724
52.451,128.141006
52.335167,129.912415
52.310806,126.387917
52.268444,127.209831
52.254196,133.97905
52.158943,127.475502
52.140835,120.571915
52.139137,129.428162
52.13261,128.249924
52.046223,128.040161
52.020748,129.44458
51.939472,133.577698
51.932667,129.583588
51.914501,127.902138
51.858528,129.241104
51.841915,128.500885
51.810444,127.099724
51.784752,127.964531
51.762974,128.120331
51.749474,129.084747
51.639416,133.296524
51.629139,133.25827
51.615112,128.64006
51.575111,126.723663
51.55014,129.034836
51.543278,133.171921
51.530304,128.440643
51.485748,128.804642
51.463665,128.259109
51.455944,128.440811
51.41811,128.701355
51.364971,128.67067
51.316971,129.085495
51.218945,132.432632
51.20739,126.925331
51.120499,132.99733
51.051613,128.220749
51.015499,127.283249
50.990833,129.590698
50.984501,132.451523
50.972527,132.065414
50.913445,127.907806
50.806,127.231361
50.783638,129.418106
50.76186,127.302528
50.709057,133.192856
50.686279,129.591522
50.656612,132.139633
50.637112,127.369164
50.575359,132.846329
50.541721,127.366585
50.524582,129.213882
50.518276,128.092804
50.449139,131.644363
50.442001,127.397163
50.411194,127.787361
50.410667,132.262115
50.362389,129.693604
50.218529,129.499771
50.214111,129.703827
50.046638,129.989746
50.014,129.770523
49.886833,129.250275
49.815334,129.023941
49.775333,127.971474
49.647472,129.781189
49.619057,129.936188
49.589443,131.049698
49.539276,129.297729
49.466999,129.004669
49.447777,129.552979
49.301888,129.690414
49.22686,130.472839
49.072498,134.458588
49.059418,134.327255
48.993668,131.717804
48.906082,130.207809
48.884945,130.652191
48.707806,131.365479
48.698307,130.593719
48.594696,130.605392
48.585415,134.601608
48.574223,134.45372
48.555138,134.640747
48.384861,132.827606
48.355583,130.808105
48.265778,134.745895
48.259083,131.955551
48.163971,133.045059
48.080666,131.8927
48.077805,132.664505
48.050972,132.871078
48.038082,132.885635
47.959473,134.844086
47.953861,132.622391
47.93811,132.028366
47.760307,131.676727
47.733582,131.206528
47.48336,134.580383
46.737278,134.335724
46.711834,134.03566
46.562889,134.664673
46.528667,134.274475
46.402637,134.141281
46.206223,134.396729
46.083637,134.419785
46.039055,133.780304
46.01125,134.164337
46.008362,134.29892
45.988861,134.642746
45.916584,134.40094
45.736137,134.474365
45.719944,133.677368
45.567554,133.621506
45.264,133.467255
45.238724,131.980225
45.169472,133.673782
45.141582,134.386215
45.131638,131.844284
59.967667,144.764725
59.878693,137.703171
59.75864,137.681839
59.711277,138.220169
59.618221,143.140503
59.566582,142.558838
59.538834,143.344116
59.490417,143.319
59.455444,135.011505
59.451111,137.065674
59.262917,142.708282
59.173752,135.166245
59.106724,142.191391
59.02964,140.872467
58.92514,139.54631
58.858139,141.822525
58.658195,137.285645
58.535473,137.328888
58.4725,141.16452
58.208694,135.232971
58.186554,136.837646
58.056915,140.577942
57.957832,136.329803
57.767834,140.29808
57.658165,136.152283
57.609306,137.30098
57.550556,135.877106
57.374779,136.592911
57.361637,139.484802
57.20686,136.887527
56.814335,138.436661
56.579723,137.690002
56.541222,138.089859
56.509056,137.914474
56.454056,138.167328
56.329361,135.450439
56.133999,137.533859
55.682888,136.25119
55.020306,135.410995
54.877056,135.168945
54.528641,135.812332
54.313721,142.609451
54.045082,142.566452
53.874527,142.699524
53.771999,136.842438
53.754723,139.796448
53.678112,142.623306
53.567638,142.504135
53.541973,140.192276
53.482555,143.046005
53.424221,140.894745
53.355778,139.641968
53.311443,139.88327
53.288418,141.396118
53.267887,140.148743
53.186554,139.880417
53.163223,141.842941
53.147861,142.93869
53.124832,139.853424
53.098915,140.289444
53.043194,141.928528
53.03611,141.229584
52.943943,138.894775
52.936527,139.739227
52.909527,141.033005
52.882446,143.280975
52.845806,141.188553
52.836166,143.025558
52.770332,140.173523
52.737278,140.112076
52.692165,137.385162
52.687805,139.422562
52.671307,141.23819
52.516499,141.104996
52.426998,143.096252
52.415417,140.451477
52.381779,140.384201
52.375389,135.647644
52.372196,140.442719
52.365082,143.181747
52.329918,143.051468
52.312443,135.827972
52.244335,140.250717
52.223721,141.656326
52.202332,141.505646
52.104805,135.347305
52.096554,140.188141
51.698055,141.091141
51.68589,140.643082
51.684166,141.919449
51.657501,142.974808
51.650917,140.457077
51.628807,143.335968
51.565556,139.840302
51.56464,135.826813
51.525417,142.675812
51.508141,142.024033
51.424557,135.127869
51.387974,136.335831
51.318863,142.666107
51.286583,142.181244
51.281807,143.48761
51.250137,142.658615
51.236473,142.185883
51.187138,142.647141
51.144249,142.257339
51.131832,142.674896
51.110027,143.54747
51.088276,138.492889
51.044666,142.265884
51.028416,142.633591
50.967888,142.214218
50.943138,142.27005
50.942001,143.594635
50.921665,138.193634
50.898418,142.672745
50.77375,142.87384
50.756474,142.624725
50.729443,142.096298
50.692585,142.859894
50.617195,137.874863
50.608749,142.713089
50.601723,143.412048
50.595974,143.682999
50.568527,142.057693
50.563526,142.226196
50.536362,142.170273
50.525665,142.852997
50.469612,142.180191
50.374943,143.745422
50.370499,142.364166
50.353333,142.787048
50.333416,142.150467
50.276974,142.653702
50.243416,142.433884
50.217609,142.157562
50.141945,142.877548
50.130249,142.717743
50.103249,143.200912
50.045166,142.176529
49.903362,136.147949
49.708637,135.759338
49.669083,136.951965
49.363861,137.075363
49.336613,137.0737
49.174583,135.167923
49.113972,136.505142
48.727554,135.617004
48.100277,135.115829
47.675335,136.230865
47.58189,136.182663
47.388584,136.10556
47.368889,135.626007
46.084526,137.897049
46.066418,135.392166
45.934776,137.762939
45.831112,137.678665
45.757416,135.319611
45.682945,136.218079
45.482613,135.603867
45.459362,137.211609
45.363304,137.092972
59.959946,163.685196
59.48761,163.187271
59.46439,160.558975
59.333557,160.349411
59.233082,163.067535
59.183361,162.919968
59.081085,159.946609
58.969807,163.904526
58.905529,162.867386
58.88586,163.792801
58.804695,159.706833
58.709167,162.462173
58.499943,159.177277
58.42561,159.365799
58.383835,159.268951
58.305889,162.057159
58.301723,159.398331
58.056416,158.693497
58.010887,158.193558
57.929943,158.430588
57.914223,162.035172
57.857388,158.544495
57.833805,162.10434
57.801029,158.353058
57.779388,158.575226
57.601665,158.990387
57.51725,157.175171
57.437084,159.045334
57.361862,161.70433
57.237835,159.660355
57.205223,156.893021
57.16161,156.974335
57.101055,156.744888
57.098721,159.526443
56.892502,160.991867
56.8825,157.742996
56.849888,157.027588
56.832333,160.930756
56.447083,162.92392
56.383251,160.357971
56.347363,160.287079
56.286472,161.483978
56.270721,160.109116
56.261501,162.710327
56.22747,162.469299
56.204418,161.93222
56.104027,155.75145
56.103416,159.753174
56.058529,158.966583
55.943165,162.006393
55.921585,158.709579
55.910583,156.17244
55.864113,159.589249
55.748695,156.793716
55.635693,159.764633
55.621777,155.630417
55.577526,155.977829
55.530109,159.95845
55.398304,159.37059
55.384056,156.723969
55.369667,165.915771
55.200165,165.971252
55.02953,155.598618
55.027721,155.904663
54.87925,155.6362
54.875668,160.886078
54.809444,158.822754
54.760807,162.120468
54.753082,155.75531
54.590443,161.146133
54.519501,155.824829
54.403446,158.21492
54.222137,155.812088
54.18325,158.055588
54.076832,159.966644
53.887585,159.835861
53.695915,157.634048
53.687363,155.985535
53.558029,156.568893
53.414749,156.05719
53.350113,158.209747
53.327888,157.464996
53.257416,158.082977
53.183029,159.960052
53.173,157.629745
53.164501,156.111923
53.157776,159.274109
53.144501,157.684631
53.132946,158.498062
53.110916,159.089355
53.069668,156.912643
53.031887,158.335922
52.947445,158.273117
52.926666,157.143661
52.90889,156.911591
52.88139,156.453247
52.827835,156.694305
52.796391,158.564133
52.652138,156.261475
52.562248,156.329498
52.442165,156.358688
51.889751,156.506744
51.749722,156.513382
51.515446,156.529526
51.478916,156.525864
51.47364,156.82869
51.221943,156.716141
50.940277,156.756561
50.804165,156.422134
50.637085,156.390366
50.402584,156.015305
50.384277,155.993973
50.360748,155.609497
50.173473,155.577225
50.028805,155.416412
44.946724,38.56464
44.864971,42.050915
44.722305,38.186222
44.468807,38.403057
44.424332,38.779945
44.387054,43.750526
44.322334,44.981304
44.30864,38.702026
44.086082,44.952835
44.025639,44.756721
43.778946,42.157722
43.712444,41.380138
43.710667,42.524471
43.685471,40.206196
43.638721,41.88261
43.604862,39.877029
43.587223,40.200085
43.542027,41.179443
43.455055,42.100166
43.243137,43.136166
44.979332,46.053917
44.915085,45.322304
44.463943,47.471863
44.334057,46.974945
44.251778,45.384083
44.251141,47.056583
44.236526,46.595501
44.189667,45.837749
44.184917,47.243946
44.181221,46.678528
44.160641,45.624443
44.135139,47.265751
44.103527,46.831417
44.04261,45.051472
43.991249,46.061668
43.978611,47.36475
43.921055,46.555752
43.895863,47.681583
43.859833,45.769611
43.791084,47.515415
43.771137,47.285084
43.583332,47.146252
43.451973,46.980804
43.058277,47.326668
42.953415,46.130085
42.669418,46.219944
42.565277,47.559944
42.559776,47.206249
42.389584,46.96014
42.376667,48.003807
42.339443,47.156139
42.299332,47.417168
42.16375,47.626083
42.112167,46.352196
42.051556,46.716
41.951279,47.942249
41.840332,47.431694
41.764694,47.495998
41.695805,47.208473
41.590248,47.774445
41.535946,47.42197
41.485638,47.610474
41.416473,47.90036
70.994804,-178.484528
70.941971,-179.639908
68.909081,-179.502701
68.884224,-179.431122
67.902405,-176.213364
67.865936,-178.751694
67.831085,-175.869843
67.756584,-175.686584
67.719421,-175.563217
67.690201,-175.448669
67.665878,-175.368759
67.651047,-175.292175
67.59848,-175.315155
67.501549,-175.175415
67.445793,-174.607208
67.417679,-174.945297
67.072495,-174.145126
67.067986,-173.80954
67.043823,-178.888443
67.036324,-172.981277
67.027504,-178.930115
67.001801,-172.771591
66.945778,-171.824997
66.768341,-171.435883
66.577713,-171.15654
66.577026,-174.222244
66.515999,-170.963531
66.398842,-179.126221
66.375671,-170.637558
66.352203,-170.61264
66.342178,-170.587631
66.296928,-170.291428
66.050995,-169.939209
66.008614,-169.757645
65.995201,-170.253769
65.937775,-170.389389
65.684113,-170.548904
65.667709,-172.874771
65.621849,-179.310547
65.605942,-170.658371
65.594139,-179.400711
65.583549,-171.038925
65.582451,-171.007034
65.574997,-172.08847
65.531197,-177.269318
65.519417,-179.315689
65.499321,-171.725708
65.478729,-171.04744
65.47113,-172.008255
65.464821,-178.254196
65.458511,-177.791718
65.392624,-179.519699
65.29702,-175.778488
65.147415,-179.69693
65.006874,-175.835342
64.947273,-172.329819
64.938011,-174.06546
64.872017,-172.676346
64.871262,-172.94368
64.842102,-174.60495
64.800865,-175.402115
64.774048,-173.213745
64.700577,-172.913605
64.68087,-174.124374
64.456818,-173.195114
64.409569,-172.266693
64.291306,-173.304642
64.266258,-172.961334
